video_id,target_day30_views
7384212997520067886,27.94411669193191
7384222971503643935,4163.247881188556
7384226138840780074,59.42771496653385
7384215709175303467,39.31766522479134
7384205914791841054,36.91511375486428
7384193851700956447,17007.374666771626
7384295081311866158,15530.802446675516
7384220441553931550,5651.9786077839035
7384197193470676266,12933.638143740987
7384205838946159902,11705.229144335653
7384290945795132702,5274.398001685053
7384255424867962155,2905.261566034673
7384236102875368735,157723.82965347875
7384254157101829418,2742.637551088874
7384200797862579498,51.65103863261431
7384210748752366891,15045.899080823658
7384200334689848622,29.21016897939128
7384268286478961963,1048.9803773825452
7384214115461451050,43.67301462703271
7384277925463510318,12583.492325037347
7384194290215292190,6331.832870032504
7384207738194152735,176673.603662557
7384246234141314347,38.70829747051308
7384261918338469163,830.4875136324492
7384194754822655278,25.801170409950682
7384217445483023658,47.56327789758989
7384177529092951338,12894.186420695562
7384244962147224863,54.907486428294824
7384207980855676190,35812.666123894975
7384208099479063854,74.72119594743846
7384628081870245166,6613.785954124684
7384597663850712366,3799.8980538760748
7384668972089740552,35.516638480242115
7384658635915283754,7941.26773252589
7384612071989595434,6037.6544669745535
7384564522704473375,1457.6955955323797
7384593247043210539,23970.257151976923
7384615726096665899,2407.833648339094
7384575308319509802,76.04213699174709
7384646781092564254,3696.957026903954
7384605735444974894,2203.433494259334
7384588991645011246,53.57858154951628
7384663720175242542,89.07622570381477
7384594973729082667,996.2851059901916
7384602777055530282,44.00237059638446
7384649381527522602,908.1530455138916
7384603756479941930,9661.995054682788
7384651538918051103,15908.83272298792
7384650381000707370,567.1936190340343
7384648452493397279,14590.145788766005
7384600223508663583,213143.37419828822
7384658576314240299,2861.2212305533517
7384583686013930782,49.658269055869354
7384620730752814378,120153.02796295634
7384612032558976299,4089.8271906649125
7384583807111826718,2943.5248111299543
7384595929703140654,34.96508954985435
7384569017698192670,37576.9269416378
7384650426488163630,4034.6058244646047
7384568214904196398,1669.627939171864
7384628990734159150,3350.9273167938923
7384985850108448043,2201.62332384493
7384975234455194923,3245.343519233211
7385042701953027374,16236.556171245986
7384958968801643819,184951.3160929369
7384938675731205407,6258.013667892844
7384978786787314974,92152.31791572309
7384970726140382506,7150.334332965234
7384996826140675370,266841.2096605281
7385040354476723502,61.01999494534737
7384965723157908782,3956.1575620733292
7384986591766498606,619.6606047811501
7384994809880137002,2994.3643115416576
7384993289147059487,3789.4777264966924
7385032194659519790,18937.60124948162
7384993660284226862,135.76046148017593
7385021925359193375,908.5893018201947
7385030378458795294,604.5877857152165
7385005337599839531,19694.47187095292
7384975315463884075,1862.571001264086
7385038492939586858,4304.8362631145665
7385027543277096234,1142.3304703835875
7384983868035779886,1834.3234359472365
7384957309576809759,71.51103586838944
7384955766727314719,45.24536943110288
7385014043808992555,3846.045387407934
7384970458115902762,1113.2786937753947
7384996099955756331,2077.049380690427
7384991324551875883,215967.7424398491
7384985368178724126,3943.552404926449
7384938782707125550,27.062099361737772
7385003689162984746,1910.7653837485584
7385376360107117855,63.92222440030112
7385337536526388526,2461.015046527681
7385310508477451563,3113.4309002039654
7385374732767759662,94134.84678843581
7385342068312247583,48.350008909677975
7385335423687527711,2061.7523237456007
7385376428725947678,2872.204413858123
7385369497231822123,3374.4319993526424
7385341239933095211,15748.721583945939
7385345708569693486,1768.4459713735125
7385393224363298079,33.05647191351061
7385375072032279851,40.42501971137144
7385340393581448494,5579.299248468286
7385388623253867807,1413.5364052675436
7385409578894118186,2932.740188801045
7385372761553751338,3883.749930383278
7385378949473340702,4237.841427129346
7385326811380550954,5314.097235988554
7385339319537634606,49.32882768052012
7385337594139331886,34.8953962124522
7385315576853318955,43.61105641643491
7385391242013723934,40.535039775016166
7385758657138543914,158968.171733794
7385734873874435358,54.54237565207707
7385685381670309151,59664.14472155551
7385759536860204331,646.2460597487632
7385679521246121223,44.60445381513492
7385700400219032878,74.03531672961275
7385753698322107694,1648.5333746331949
7385688108202773803,1698.1743121691568
7385763054316981550,1499.014984465253
7385715521993461035,32.64553409850427
7385685044993608991,22.476705902485328
7385714775470214442,49.657312620228865
7385711270911020319,3211.709687336838
7385784706400324906,1630.5965100261571
7385708418293665066,69.50616826424178
7385734096418377003,7763.029310655415
7385700771943271710,70.52465620562376
7385713307610647851,339078.6933862936
7385745527989603630,5946.9655345995
7385661030044552478,13700.375317095559
7385708038809816366,10072.050513033888
7385759988091735339,1233.2734707342813
7385739143155911967,86.420835058224
7385743995181321515,117.74698615296934
7385771740271545643,5847.091915965526
7385690797318065454,1520.2757035357768
7385706382315539754,11559.863921038781
7386099410272488750,308.8606085311214
7386109379944271146,15213.120595130738
7386072032674434346,8736.863311586563
7386147782194728222,1903.7819936836881
7386080345180884255,49.22303284796748
7386074694400691502,1852.0172635597937
7386122183858228511,9941.234685572566
7386053398098873643,5812.744791594327
7386115528089292075,17703.656575281933
7386105612838407454,144.31813380812739
7386126427684621614,4342.189262520551
7386137461795081503,869.1957638008322
7386069192019021098,11509.460134482992
7386121917708668202,13294.119414555858
7386072526209715498,11205.456537934624
7386073290495986990,28.096255551805722
7386156294199102766,5198.545823865807
7386100539181780232,162.7976928949883
7386071478946598187,462.73746253952913
7386092848254340394,8935.418569027559
7386065167064403246,45.19320792348215
7386467978436545823,2664.6337518804303
7386438802920705310,31.215194084092495
7386437133772344618,40.13530902818669
7386479017668431146,378.8186932216079
7386427295763811614,2127.150293790279
7386479916658740523,54805.77855126913
7386432036367650054,204.9556701791791
7386340025107008814,1353622.858073447
7386444895021518126,314.51988996426246
7386426669113920814,13551.770514279306
7386450995456347423,57.14836620983829
7386435551223631135,2527.796206054698
7386433041842867498,7815.043257014731
7386445772125998379,161208.46527892243
7386422957406506283,32.15413914779977
7386471720183532830,5196.7233709004895
7386488145539304735,1455.4234444597612
7386481141475298602,964.045305894974
7386432525863750954,10778.438750088795
7386443898270256426,2869.129076128852
7386453463162572062,13417.33045524714
7386458169687526686,954.0738754444264
7386464885141474602,38.05890019183588
7386467156592053535,20.457750973229263
7386820472593370414,5448.5511123902315
7386826547283381534,131.38889851821096
7386823742179036447,80.39670636467515
7386847268080454955,7128.954243944406
7386814380043734315,3965.492736506156
7386820448887115039,55.85054407057154
7386836797763898655,3997.9394738181927
7386835238007196958,1185.0568839532718
7386794274102185259,438.82782573119914
7386829702486428959,939031.038936496
7386808668253211947,46.66006941208732
7386852423345720607,2740.597514412424
7386834799316471082,2021.0878976490508
7386810389679476014,2858.6426652385894
7386892633957879083,1081.6457756970108
7386847224535338271,1594.4477966172044
7386834163959221534,48.93433287543618
7386839905298648366,92.78950163941624
7386847467217734955,151798.01860329523
7386825888098192683,11712.555038169143
7386843181629033774,89.22839375980473
7386832410144509226,2535.692239969281
7386884018794515742,206.157398573259
7386805681329917214,19225.74181834326
7386821720834903342,2726.3349697026983
7386822923509681450,32526.562629313346
7386805031988759839,2224.7908524990685
7386844372823805214,27.478484749476973
7387181363352341791,1624.0004197181443
7387252499184471339,392.03346450304343
7387191587433958699,538470.306631506
7387204635402226990,35.584065917921684
7387169456646081823,15483.943859312953
7387241370051693867,1728.6594391719295
7387219313289121067,1310.415760284716
7387196035103214878,1094.1225263985195
7387264972746771743,1903.2505320891414
7387225453666258219,43.69619733407375
7387237746206706949,1058.4595896358442
7387183818148515115,4218.950327754769
7387182041995119918,60326.967737678584
7387202628826008874,2271.9323119632495
7387200823564029230,6255.488120770309
7387172298576481567,52545.146026008064
7387204071054200106,29604.697986119972
7387193752521035039,1478.8421033368882
7387182317346786603,959516.601645552
7387210998807153962,34.237731273555966
7387184300464098591,1224.6188288476335
7387194466446232874,281.18370527528054
7387198951574916398,8496.270735537222
7387249093472537886,11951.471866636479
7387257706450619678,549.5625276746708
7387568878630554911,5414.407023848305
7387625911538945322,24388.336526469513
7387619489321323819,1483.2171285666482
7387568270217399583,2030.0478865569462
7387548747284155690,1714.2021923718721
7387608580414803243,4555.8781787125645
7387549450224291105,944873.9567816621
7387623253986037022,659.3638060921104
7387586660210330911,12398.807260549986
7387578272801934623,4994.076980340119
7387586687729175851,23.4955396522245
7387571071106452766,887.1793973638272
7387612252540521771,35545.91015233828
7387607338376498478,35529.834213426606
7387602190556286250,3929.7712343695916
7387565233822289183,52787.06146832874
7387604921912167723,28.03090233847565
7387551562073115946,1530.0044249560508
7387628532383452458,2061.4162802288465
7387561824616549674,6578.647252091439
7387606907848150318,1015.8338609195671
7387953457883335967,4843.252695554379
7387962408058227999,49.91568325633911
7387940079987117343,12250.353062125565
7387934921131576618,1405162.7105407529
7388009686970289454,4162.995721794366
7387913861229284650,44.136557145354274
7387904107031366958,4064.9528582853877
7387907239320751390,67.672183453272
7387972373737164074,3070.973944144712
7388002989950242091,5698.84255734534
7387946037543030047,4369.465091599482
7387987928510680362,2793.1824884269613
7388007929259035947,3267.0656454656073
7387994361423809838,10484.59699999635
7387940894655204650,20.94621455333427
7387967752755105067,3659.691263347379
7387933753944870175,3214.8596992723724
7387977806220725546,42.85625809780324
7387917671133711647,300.37219955045947
7387941161249328430,71.24181072338546
7387977599709973790,3237.73908759242
7387911558216666399,40.3739965724967
7387945890117471519,36932.30735010474
7387968848881880366,3896.197175114606
7387927824692284714,7937.376437370833
7387975451173522731,3358.611300349304
7387999244050910494,6373.906893884556
7387939062126021930,9543.850515638971
7387945474340195614,2560.2341773955304
7387980765243493662,38.18605494953638
7387982409435761963,7596.003704566674
7387981649809591598,2377.4989123296928
7388275824815852843,38.39866871616443
7388337502211394859,42.52158290926384
7388302551424273695,74.56077193282198
7388293919039048991,21.96516343500319
7388296821514423598,235.222431130755
7388354128382151982,805.0903538916302
7388300575768661290,557.8935599988461
7388367973787979051,4186.543791288276
7388339268659285279,15762.020644613485
7388311963350076714,447.28037403940476
7388288757750877482,27637.752356913323
7388359966370893087,15938.911330741732
7388283704508042539,9185.784258543179
7388656616301759775,43.27333232498414
7388736058030279982,48.89511181739953
7388647355962395950,28.579827736642653
7388743114581773614,4124.336343836772
7388734732189617451,5321.3816723800755
7388735665803939118,41.84966283459612
7388695922991009066,4515.89735055761
7388668694462729502,45.058056381314074
7388684143795719466,969.157098783242
7388701496424107295,1237.4861406997857
7388726083849571630,48.94038158358738
7389097864774831403,5723.551921359213
7389081832677051678,20.593248821343792
7389060738293288234,2053.6653845407063
7389020061857500458,3409.20783282487
7389105842294918442,852.2991659697025
7389018811032227118,15562.30362274175
7389030032934522155,1526.578019720367
7389055343579483422,2618.853253129938
7389094506659941674,739.9699197728927
7389027260826684702,1103.0946150254563
7389067314479566126,6369.904359496205
7389035149775654175,48.52335582563765
7389085358765428010,2590.2239746787463
7389030163775802670,35.45773599088137
7389110637177097515,20978.66931867284
7389083608171957550,2523.8047895793775
7389101369275338027,5093.116309462362
7389042384044133675,8012.1365787137
7389045875340774702,3541.5309466200906
7389081273282743594,1014524.3220003584
7389091579316981038,4789.145066055144
7389030009916149023,3025.61697062876
7389048708509224235,31.88037668665062
7389405534195174686,8357.391455263707
7389453711795555630,700.538151541042
7389426539928014122,3009.5914727118143
7389442116524576006,154.62656030668842
7389392999714704682,83.66231735481267
7389395546789694763,53.72381969234456
7389410299939523883,9924.061759316106
7389428304433990942,18122.351823226305
7389395496760036650,1698.071148280508
7389485289271545130,8087.66568722592
7389429678404029727,24.223560746338805
7389448777570061611,55.629328484102594
7389437300385516842,5676.733574912965
7389485467005111594,2240.1678450566505
7389486626503757098,1641.3918290879922
7389486969291558175,2470.284023782768
7389465990268079390,3384.0278711639585
7389429298513431854,3706.7014870626826
7389417793797541150,127596.12482617343
7389401052308606238,682.2586400590369
7389412793562189099,18104.88253482672
7389403396215721259,195.67026696988768
7389409876788677919,35.68707271590444
7389770616355786014,91391.21775598705
7389824480929041710,10581.729002479244
7389829902406634783,30.256149542583817
7389764738965589279,22.746961748072913
7389834446398098718,6960.66187882635
7389833470991895854,60.709561214213124
7389791569789963563,11226.758778151136
7389778456608886059,40698.53205378026
7389810738694491423,10559.477720591405
7389759003435322655,32.51659618924154
7389803937492143390,12402.094040700946
7389826284668505390,19661.19074318629
7389800171820879134,593.8102636107755
7389766090827582750,462.27809407412894
7389762134814510367,38.67279833894195
7389853919880514847,998.8389021723925
7389845960521682222,18692.667413840827
7389770130772856110,909.9304964906249
7389841761805290795,32.58574112218706
7389764419716435246,3414.824154071747
7389790968330849579,4357.941767622641
7390172957185756447,2850.2286103901397
7390130728203291947,47.21311036989779
7390156670422371614,42.85125066420844
7390194767612611886,2034.1004732059168
7390235003977878815,4118.308394451151
7390181099835591966,3888.0151292998626
7390157210262752554,3248.1740737104474
7390147128095460654,17687.77808822152
7390182466851458346,37586.93010180406
7390174496969313579,31.71868292728946
7390141646425378078,429.85535655790744
7390189514901228831,1408.9433311080502
7390196710544346411,5580.389207863107
7390150870555528478,4979.4969841321945
7390168145002007851,261960.99809055956
7390155880957791519,33.7804284436898
7390187715951611167,12629.609987825508
7390133310950837535,13278.02187511753
7390177484827790622,30.387151285381073
7390137050684525855,51.49398518770617
7390132937213234478,2186.558012454898
7390180777595571487,1098.4921535472874
7390185779521146142,6130.3320006996555
7390524116190743838,4538.634188476843
7390560179575737630,516.9954162112117
7390583781482073390,180042.65641132402
7390528032202657054,4848.77190972349
7390556921536793902,28704.057555942083
7390515745320373546,4654.500885422342
7390563466207202606,6974.126725257317
7390539514910887211,48907.17558881073
7390607212562877738,7566.7666823088475
7390593407628102958,2911.9975467776208
7390524849149725998,36.12425006398678
7390523524328213790,2859.529903575664
7390553609244560671,438.14317341187933
7390549844642811157,8895.317957931587
7390526842165284138,26.106776039671583
7390534465770097950,6088.067979360875
7390573434113183006,3718.452122273636
7390526890731130155,39.65550645906708
7390503949897420075,13157.186345799213
7390519295307975967,52.00257060764555
7390547712262933791,137228.58880047553
7390548344591961374,2354.876490776668
7390575846794300714,5403.93380661913
7390583732639501611,3323.9331241678856
7390523393218465067,110539.66935054683
7390522133274709290,100.53987841700214
7390884805698686239,50.24911669187401
7390941776648965407,3360.7478488396832
7390884949538147614,1755.8730587066052
7390885698569522462,1836.6801778058284
7390971737870978335,4233.994817737244
7390937029753933102,1594.7602733903
7390958580263816491,67209.05118644417
7390950304927190303,43.22701674089784
7390959568236416286,2240.4357579882085
7390885619674778910,730.4124138886235
7390905975344991531,622.3825002733029
7390900486276140319,87.17842075755053
7390949881034083614,6150.950595550898
7390929553293659435,1524.2396337419818
7390936545399754014,89.99672232588203
7390955703168552235,5406.944454308067
7390907657181236511,13189.536442764716
7390964003364670750,2864.742051667351
7391295919955643691,2646.820946194281
7391330803961040159,3915.0403618922182
7391251622774541610,68810.2113865657
7391290074211585311,1116574.2505063964
7391284620718804254,16096.081785597444
7391307523669642527,2095.3994277225656
7391272165951212842,1550.4530721707954
7391256241835609387,34.488281181719664
7391290115735227691,5043.483382112781
7391248175408958763,500.6285222357904
7391270074402802987,23278.29250897287
7391297011175181598,42.668610565035856
7391275170121452830,70.81491471652366
7391295259889732906,32.35896040564247
7391270982087920926,67.20831491284004
7391252514529627434,155771.72509101933
7391275954716347691,1951.6053449378994
7391313412590013738,3683.027618740589
7391333019010829599,2881.35619529654
7391339380658523438,9850.349826872016
7391299849964244270,305860.5057520892
7391295277342182687,135.00340050704943
7391263417140514078,38.304679577724514
7391290658176175403,11116.306994880695
7391274577176857898,59.39473588748451
7391719892745145646,4020.8299417254834
7391694498314702123,9156.099061511997
7391676165418716458,32.18651034733081
7391697441206062367,5115.522463484172
7391665087376903467,1880.2256077479105
7391660927092903211,5253.294634517301
7391707854668942622,4128.851169299351
7391631415458286894,3926.039133466046
7391644627956288799,97.06423051624655
7391656205074189599,2145.632813385196
7391688475646397726,2129.010413794445
7391684393229733150,56.03914960894817
7391642926847167775,8457.656275432137
7391692231582698782,2610.4067729177755
7391674164958055711,654.6466791930256
7391642736333507870,66.25236039217617
7391676062066904350,8222.63561446653
7391678878466592031,3962.3535122836784
7391627587631467818,1656.5151883062165
7391694418182704430,12273.318761837198
7391662152756579627,2104.1177196141666
7391702047705419051,1262.304501186162
7391620637254520106,991.4704334751427
7391618059313712414,66.90059497326753
7391684930637434142,2469.7274117983934
7391620705374276906,27.113240641696002
7391676969928150302,1812.7374460643873
7391641386103180586,14336.59533022901
7391713397437467946,4292.824117834293
7391659601374104863,76.97766536548129
7392010165735656734,5952.264605892298
7392028351105469738,6579.062836487555
7392062738950049070,5836.253200093859
7392013294631931166,41.091218029537316
7392023382474313006,25.59928994978465
7392092395963206954,10960.760690008154
7392037595783367967,24.317282249796435
7391994807121464619,4925.16526144176
7392048635258719518,4377.396011183284
7392032641324780830,42.24521717362198
7392057702962253087,17871.079592233982
7392066331648068894,207.12336211422001
7391988856859413803,43.05669220991844
7392018102835350814,63.05619139245974
7392056436051905838,37.01651318342001
7392043535823818015,44.75429770513862
7391988699791117599,5441.76104612115
7391993043043274014,22109.24977170715
7392010755287158046,1335.511106967645
7392013834191424811,327.5163364294737
7392038251499900191,16143.944364869853
7391992834976484639,138.78160029935214
7392010362306006314,449.0177124851737
7392071545776098603,3608.0654720141156
7392030268380417326,5026.185856927584
7392023380188302597,16751.772269925987
7392002998127398186,204880.50405723226
7392012158646701354,1050.5752731271932
7392402919578012959,2262.836190481368
7392401531842153774,39.31094367054369
7392370893202279723,2749.8720152208507
7392400438450081054,706.7627734492804
7392380111326154015,2145.1239229240373
7392371291090636062,49.32688256850072
7392410545397321002,8431.248886392372
7392405826482441502,30096.729225940107
7392373937658727710,58.986893055961254
7392380158306503982,21229.729765617805
7392397597501148459,125362.67149088287
7392428909888802091,4866.463924197867
7392411611270565150,12048.604884511062
7392404524104764703,26.563554232631834
7392456452159425834,1884.5829987201264
7392374113031048478,52.3031348259207
7392439337444445470,33.299181719303014
7392429503244422430,15700.313508452095
7392406370055687470,71232.88603891835
7392392274816159018,118.0697126375879
7392399378205560110,54555.3375377342
7392408974978633006,317.66895955773884
7392379092047236394,15750.773914739479
7392396362500934942,7729.434194310843
7392423264657919278,1252.2832779286114
7392370042941213998,62280.6916183868
7392401794195901738,71.14288999123823
7392386818269809963,41966.557040203705
7392389808795946270,4406.538948372409
7392366393653464350,46731.2084947697
7392808673279528222,10796.930356837023
7392799139525905706,3585.014165167349
7392762322667769118,55106.062721952236
7392737828322512158,29.065302319894986
7392808241819913515,10366.587480567945
7392759647817501983,15300.916267688775
7392774738935909662,445.61791793279804
7392749625045781790,233.0202059938509
7392743370382380334,130772.20256733248
7392753239709469982,89181.92232356957
7392764616062962990,39.86573545597893
7392766761562623263,146752.5903209908
7392765150622715167,1083220.32927172
7392789232990866718,530976.7599806007
7392809026574241067,10507.514058067522
7392766090905931051,39052.18243318981
7392804766725721386,1166.7522209868614
7392747961484135722,631.1756217381261
7392752650019736863,10044.706441174998
7392789739352460574,40.1301875675486
7392751274820750622,171104.26611061615
7392787323831864619,5500.540244318181
7392768510042049823,1480.0287658516106
7393182645661846827,5009.791116742456
7393131409604414751,42.122860291928916
7393143789914869038,6036.032206934423
7393126972857044267,6010.981858651711
7393108657082322206,12221.929494136384
7393184866998750494,244.2921007804339
7393197780631686430,30.455858081764024
7393100378729925931,120.09419529754983
7393187470420004127,34.7997499156184
7393190663510117674,12612.58905011713
7393174771845909803,1637.4545214297093
7393104856418012462,115.04389180050056
7393111566373244202,2360.364427800561
7393148983025208581,42258.63891605028
7393109796469181738,28.707706887992035
7393155109699603758,26.631796152165258
7393145639640501535,20718.688027213633
7393150552718265631,37.90569776444883
7393174723808464171,2404.8664932289116
7393125863388106026,114.41071289828218
7393132932124364078,43.939528844995316
7393137181398748459,600.6415207339275
7393164226103184686,32.67611920563375
7393554921670364446,1481.6304111853274
7393521891736177951,7206.123775421208
7393495679752080682,31.230943214634053
7393488937379007787,2339.7795875886577
7393528234501098782,2009.1766105264862
7393563741142535470,4359.0908727985825
7393500623703919902,15929.176448086559
7393533099671407915,2727.612356889031
7393526243968306475,37.819964561624296
7393534257869655326,39.142839117119216
7393476186833276190,1239.2231242793634
7393554802929634590,4963.059817759832
7393477524841450783,161380.3825999944
7393484559339244843,1953.2366247744455
7393475101947268398,248.370252254069
7393526113064045854,1742.956890508608
7393927459772615967,4932.070076951996
7393877888157764907,3786.9820033426204
7393859627189980462,1149.9333248538965
7393872571625655598,12361.46810083335
7393877716673809710,244.7605065876133
7393934196844039466,10080.079977191317
7393842368019057951,2885.23633815562
7393888991365303582,9687.322378904903
7393916221155970334,622.9702849372292
7393893128291306794,83.97437136116119
7393885728083545374,1844.0938852525214
7393870462691921194,4451.532643649056
7393871366346378538,2660.2879989715143
7393879715712421163,87.77456240459314
7393876235501243690,72725.5543517979
7393848827318390046,91.77178477004442
7393863251278236958,29.232062792738745
7393887504690171179,3360.8144111428696
7393871185320234271,6422.5742883357225
7393876121831443754,2724.5017136798956
7393880922094882054,45.202209431956504
7393855729213377838,537431.2623917421
7393884164115696927,362.84332686000624
7393946839004794155,1422.5787836422373
7393585323265035550,14385.742758926619
7394304560434597166,9901.396900634392
7394239061621214506,2501.291458856076
7394214920243399978,143.77910175371107
7394296628699499806,4368.494165648638
7394249755460717855,1770.2372037859514
7394254935401041182,51.79777128933937
7394227114775711022,47.63350982371155
7394269507893710123,4518.159865253546
7394267340382276895,1323.5061682040664
7394268585582955806,128.42960076805468
7394276654580763946,789.4538961043072
7394214775208693023,56.28678729366711
7394304270792740138,3177.084913528702
7394264918192606494,10232.087758169635
7394316887674375466,46877.66859194207
7394240374769749291,26.903503289606657
7394212359612419374,144.08855746801723
7394238013087255839,1611.3489827580295
7394220417432489247,75112.55865360357
7394233244494892318,31.746860992944978
7394227723796761898,83.63306066347484
7394256712141737247,36.15533534208307
7394270243926854942,45.2014541423787
7394262789302373675,4151.915073962297
7394287950034423082,357.3479675833058
7394231880704347422,77.8289288077818
7394316065599180062,335.6552839255682
7394595649129286955,2163.3283541879455
7394593932732075294,816.3707859097524
7394503051006070058,5350.453396317026
7394683396213017899,76.14513583654396
7394651349557808414,2768.335937908842
7394681457588866334,71.7223538586016
7394610117183917342,11690.78433684737
7394614531265154346,3500.665474641113
7394611721924594975,2433.8662045440733
7394615855352663327,487430.4820054836
7394635807388126507,43.06459878962615
7394611768279960874,1187595.6933506085
7394623624965000494,26439.42202818757
7394612767757471006,7074.661833443135
7394637768917355822,1498.8084250197212
7394638516870860074,1985.8371492705965
7394665196377165086,6317.8888640440155
7394592740350397702,31.134829193409757
7394640227144568110,3397.473633883559
7394628134496111915,11418.056835136453
7394650615156084010,27598.150610349774
7394653231030242606,34.20216272174978
7394633431608528171,2009.4879868083237
7394643458809482526,8656.351981755033
7395046297935367466,37650.07468267633
7394959055652932906,38.5508326277077
7394979796519898410,47.824081572461445
7395021725181709610,11730.618733888754
7395018022962318638,2116.8666341150533
7394978393663507755,3312.495527201054
7394959859441028383,7131.9864939206755
7394981392234351914,4073.217249392981
7395014968787193131,4697.637732565896
7395042696022199583,3637.825536872644
7395042428178189599,67.97469139857728
7394988969085177130,1613.439817725661
7395033235912265002,27.728065236646465
7395003414947597610,28.104996665553916
7394939279719533870,102426.64324243563
7395052777371749675,675.7798443715889
7395005246159752491,4407.113103579579
7394995129813077279,4684.13540612801
7395048856699931934,6173.647994334925
7395001965681429791,17936.56120252306
7395030877329280287,4573.098688412552
7395021216920161579,18022.28927185803
7395049091043986730,3044.3670414886187
7395011225014340894,4859.67562339988
7394982302985522474,37.346255539388565
7394968268567481631,128.367007381776
7394956769426083118,4428.961831015583
7394985085138685214,62.76644914463878
7395017550293241118,18.315205713794356
7395013590920580395,68.47918966616669
7395001656234085674,2637.0540338445157
7394960086201863470,179.523749570611
7395010211704196398,67.16333408306578
7394993627501514014,4743.765481699693
7395371145811234094,69.47551048526542
7395347777754107178,7811.02904785128
7395371056594226478,144.89139607874552
7395372140524064030,65.06269586865234
7395345176157310239,4703.3726741750625
7395400285625011498,1264.3448504766154
7395414429183003934,37.603995820614855
7395391251836669215,1601.5997716933773
7395359145559444778,25.67203903168167
7395380884729466158,720.7280267433325
7395352300631411998,42.71725678166749
7395335401566752030,24.269772566690715
7395364013825150251,32.353042048833295
7395354004898827551,956.4804331151718
7395326241865420078,102899.97826975389
7395335796217171231,47525.21682532134
7395337594881477931,46.218769044023766
7395369348954688811,263.75918290820124
7395342453454458158,5040.005433853693
7395349771193453854,13877.104217787624
7395377364697484575,23403.12607258963
7395420708467232031,2816.9740057022395
7395392344788421919,5577.10325576509
7395333920432180486,2254.82521353755
7395349807084260654,2337.8661684230624
7395797378990640427,583.2241176378012
7395732410870123807,7695.86945395868
7395800346339085598,754.4849857899371
7395750994967039262,1636.3781308329483
7395762477054692650,534.8856047711208
7395715368548863263,17127.035410578872
7395712557010537759,616.1396549710691
7395779709537144094,5476.863972387643
7395727968158387499,34.314056336688466
7395709242164006190,3841.664293798445
7395756837359979822,13155.246072097325
7395757891275197727,109.81331486488747
7395741836356242730,5630.078259047401
7395793115182910763,10034.788334065022
7395704637589916959,42.28008709965722
7395712868814982431,2138.245400701732
7395763173988535598,40.72400698951342
7395797165081120018,27.383555814076797
7395777305232035115,2967.508562818085
7395781228487593246,2434.008186460603
7395742778300321054,547952.1653090463
7395751963989789982,13666.070076601756
7395742464155487534,84615.35805866946
7395756149515111723,95.44048659409764
7395726327942303006,899.1505055637482
7395797910517992747,5010.2651392750195
7395702380962057502,1528.7665201163147
7395706313612774686,2155.6553733838205
7395707047188139294,77.63988636224803
7395786015950081322,1423353.676378171
7395728179446418734,298.4993559500325
7395801216229330206,385.1529101058882
7395755756827512107,2348.173760911775
7395727035122928938,9804.390289136782
7395797472355929374,13450.751288200978
7396068689914776863,180.38968485473515
7396099421940763950,2617.191591036078
7396084910055804206,197671.40547354528
7396131712410930475,7263.372002283815
7396163828511395118,809.2986700990949
7396115594002697515,5109.956790911488
7396153835502243078,89.52062217686793
7396134872953195819,877.5088969254812
7396165030577786154,4832.974532738525
7396091979941055790,54.56265324180435
7396096330948513030,1256.2344048677285
7396174710377221422,1212.0732448280885
7396087098694094126,1549.169823722513
7396106112946277674,1830.1041486379365
7396132135070993695,17078.666802827116
7396537190651677983,3013.8765756519247
7396497899489725742,24.135142603708534
7396469033534573855,31.71157557865646
7396449474270334238,26831.53255187443
7396524940805131550,33.92282579303839
7396499365931601194,1319.2157855666887
7396450490755599646,7725.253265140034
7396508112410234143,14254.005700011969
7396488939114106154,21.284425181418715
7396510285898583338,14390.247579348505
7396465420112235807,1270.3995149246643
7396480340593937710,2675.1986836687156
7396486794285452586,43.531472126189605
7396912869155130667,159.36721015336332
7396894240430624046,7239.5826458406455
7396822873274420523,105.77091336851747
7396916759581723950,64.0746431767068
7396915547872464170,33733.552105916984
7396825963792813354,2037.075621890611
7396884785802530091,1495.10484311877
7396904852934413614,6439.820789137569
7396870263993847082,1843.5293581537715
7396821962171059502,2396.5717588574926
7396907049675738399,17.27271354135501
7396880238975651102,43.1318461333329
7396823917228281096,47.331250237678624
7396847579956350238,18981.22566204275
7396910332003798318,64.21329722468802
7396894001615342891,1674.1323518886004
7396863890283367711,1181.201009259655
7396900133901765931,1013.1502180866669
7396847273331805470,10831.581151040162
7396847794872585518,78919.20417395675
7396906624683740458,3353.275026159086
7396889460236930334,1485.251249468675
7396915871408606494,2874.47147075904
7397213980906802462,1842.9996626115267
7397198664294288670,1698.9575188115277
7397202894119914794,41.55196151098195
7397200214332804395,2494.1302002632256
7397225642485353774,1298.3907713532694
7397223426856979754,5463.37908478647
7397225019920682282,1581.9102009998319
7397259985119448362,827.0077869257523
7397238971648019742,6311.112187844605
7397236729285053738,2021.1994907874353
7397221859458321710,23.281596707404603
7397216448277564718,35.32621982070686
7397249940738641183,15143.683364681505
7397193857647021354,13413.139299121882
7397199518267165983,39.3960515767454
7397287435429793055,74724.66278755553
7397232878892928299,3111.2784631354
7397247490451344682,34.4782047439515
7397248928216878379,27542.382030393077
7397256243208834346,15703.26837308854
7397182928503016734,34.89955955367394
7397216429583387950,7863.989112492039
7397238220934630702,2342.3512210068493
7397193956620111135,8793.213816265781
7397207203486256427,1285.5509059536384
7397249950272326943,2774.6212020108255
7397223601818193183,37.89671424240265
7397190876868463903,12162.39474495472
7397243510618852639,77.86463927095302
7397608932140698922,28.12095255757613
7397558101219560710,6091.948967301309
7397591399752846623,63.94826908874831
7397625282879851819,2293.539776623148
7397633175498886442,48.50645604951856
7397651127405251882,1752.1122841724607
7397584349526265131,51.546623547168636
7397630220963990815,1017.530144332811
7397590936567418154,544.947377281499
7397616819151916331,11285.278605581814
7397608625608396062,2151.224812461479
7397634921117994286,1711.904910255695
7397558528992398623,989.5356755426731
7397607270172986654,54.03576489214951
7397586988041358638,283.47162026931323
7397610200854695199,2593.274203561823
7397628773505469738,1471.4989431095164
7397858276051848479,126154.55338424296
7397989392343633194,15319.875601416816
7397988938532621610,7874.489852668408
7398019184682077482,3650.9430479424445
7398009986967751966,15.702791377497041
7397935923729763630,346198.55004535825
7397964768516115742,38.841463015045385
7397946877745941806,7065.355854984723
7398011413949680926,6098.631554537939
7398018597068573994,2287.565006578135
7397989780933446954,4887.193573298829
7397961414456921387,36.98754620308167
7397939795504188715,21190.298303806238
7397925631989910830,27.89129291808899
7397991323946487070,28.116861481871037
7397980329518075178,7141.087033748116
7398010996746472747,1059.003859995156
7397941507581480238,285053.0697580296
7397929197076745514,9242.768504811098
7398007148438883627,13688.425578218386
7397941061592567082,190.9290689821551
7397940252259781931,30.775121257421347
7397987724830969134,7566.896679019032
7398303833174052127,70.74603647872466
7398299297852263710,48.844914064865925
7398335505793813803,4457.624172782159
7398318778544688390,25.90161129598277
7398339831627091243,27.070090485024306
7398342470494457118,4177.202946106163
7398351928146595118,48.0540144536616
7398308009585200427,11842.466983873388
7398371682122992927,18.565251336267572
7398300188072299807,39.59335679744142
7398325834991373573,13813.789076266481
7398299355205225771,21110.741310170284
7398304513272073503,69421.14223290238
7398323764569672991,39.47658114487514
7398297302575664427,4538.326582069746
7398375738509921566,2166.4244372361372
7398344376931454239,345968.9139851526
7398341588105186602,44.54869009398447
7398366678242970926,1037.2655471793362
7398334195405294891,879.4494575712034
7398309651311234347,4341.331776711043
7398376230635982111,1670.7542046113338
7398316817531325726,26032.06762271411
7398392248276159786,1697.6789625147246
7398349927606127915,11032.680297465997
7398365656757996846,514.4732132560646
7398333365394410783,75.81833488616034
7398372832620612894,52972.54505244442
7398747883777936683,1937.2601629405958
7398737483032169758,59.37870874792919
7398684386293484842,66.15339379686851
7398712692954926378,3717.0732952378644
7398696636412628266,33.7775474070787
7398666988853169451,82413.73991190609
7398766701501877547,5182.827053930017
7398746473405402414,49877.41780735662
7398684979024203039,617470.2403908664
7398711093570424094,1154.2434423700047
7398763861739851039,34.581408147173384
7398753064569605418,2158.871945469034
7398700283506838830,1951.8194667137293
7398712566375075115,1834.6800016428144
7398720186737626399,405.866016967418
7398759681117752619,1564.6930836228719
7398712029931932970,1683.5268827228747
7398680462928907562,2061.0069274394727
7398686249046871338,1339.4206353150025
7398764903433063726,4353.653412982156
7398756968753548574,4315.286853424143
7398676446803250462,56.531852900632984
7398769156398632223,1848.14616995062
7398682276789374238,30.85258415181721
7398746412248272171,4718.423214451734
7398715259399310623,29.660878582083583
7398742033713630494,4106.554214776041
7398675865569135915,35.0452749442032
7398690626209877290,5334.688807483936
7398693904343682347,34.415829513918304
7398725174759099690,1856.6264872384677
7399079724623957278,2045.362997334121
7399130711396994350,33904.201369280796
7399116811528047914,1061.4234326849332
7399093323484482846,3004.512819425857
7399109245708373279,11746.125283149173
7399074442372042015,2035.9618343289096
7399130715872333063,30.642014889508747
7399101881882119454,33.650466492721065
7399051885220482347,299.86135921051505
7399096884222102826,203792.69401262808
7399073352524156206,82.45677076427224
7399125064660176158,3971.700204037421
7399047017093270826,22.00577176252216
7399099730459888926,808.2025663509304
7399128588861066539,33.00736649978576
7399134846527868190,4717.68247146242
7399049776521547051,1500.5188075350723
7399069544125369631,12861.41364747259
7399448619532733702,16769.24347610496
7399490260452855082,9113.949146379831
7399428049315401002,109.73571022683228
7399436874286255390,1240.8724246742715
7399439888107490603,447.5999421025323
7399492643299822890,3481.8750283888025
7399445331496258846,2803.7887243224263
7399487779408825642,24.161142451155538
7399508584830111007,1420.1280823412644
7399410911917755678,9285.008202490946
7399477175247736107,56.39885131670668
7399434335159323935,1311.1541127702421
7399476787375246638,538.8358665289906
7399511829287849258,2294.7323062301703
7399417049161780523,80.22871331629291
7399451856621063466,5371.405640384893
7399427337529429278,37.29028510411516
7399413726488628510,2705.277048884841
7399415688378600735,115.32581380515032
7399497723420020014,2598.0528161960888
7399467825015950622,14953.903612117925
7399798481210150190,7593.634176627409
7399792116072729899,840.5760204430862
7399882442162572575,6133.454505292541
7399799011646967082,1241.2309436143034
7399827056843918634,49.026936771612625
7399831042762411310,27.05191937119269
7399860960682593582,11653.776979741497
7399800966586912030,101.75821354394517
7399813193058536734,45.78256521544698
7399840110730054955,5242.299492019415
7399788370420862251,47081.32787527129
7399794064985525535,36.82383957170655
7399828911334362410,4927.302328435869
7399882537646034219,4906.476279542313
7399829452454153515,4065.820054697282
7399830816072715563,2261.097551854162
7399798770608688414,70.25242511723297
7399810513766468907,156208.1326000974
7399809501030829354,23.107950241708533
7399830589378940203,85.32502976760914
7400183156349111598,1976.9215478914168
7400201718429977887,1742.806358700691
7400225585290677550,3671.0562065207137
7400187499794025774,6645.59841670561
7400192588877286687,1737.1882062095192
7400157756591705375,7681.399633262411
7400176270518127902,3514.8726792047173
7400214362595806510,27442.785617036974
7400200043073948971,2718.9776130872947
7400196719088061726,492.84955179702297
7400231177900002602,1027673.8950195763
7400175078136237343,47241.86861328442
7400190911205887263,1616.0138404292838
7400200705757285662,1029.6517976549533
7400238529617399070,2579.666822234405
7400153918958767406,89726.36777056855
7400203776860245290,1559.7733578227298
7400254248883096874,67921.02538223939
7400186775148285226,3918.4088441526865
7400568327317376286,4857.23719617552
7400537701524557099,643.9711507396729
7400568447739956510,1942.5157282199218
7400575752732757278,3742.2310236120543
7400627640303914282,1262.835861885474
7400537117132148011,39.28358737587836
7400546820079881515,605.0008026258292
7400627157136985387,632.5750480053473
7400546876103314734,5450.789445955149
7400609116051344682,63.2269761005418
7400568243666210094,4485.442601497882
7400612253604613422,854.2721738308059
7400588359292439850,877.6331278523097
7400574206754180395,36.32119806629151
7400582591771938090,622.255588624281
7400569448421264670,10585.15980627765
7400575083112172831,12907.811819069715
7400563587405597995,178.08139639843088
7400524197547592990,62.8112614789386
7400573500932623658,20134.770048874223
7400590618671500575,1552.540762598752
7400537034437201194,5805.993706910362
7400563482573147423,6770.732982496673
7400531895689219374,11763.231379259527
7400556163554692382,18837.489666233425
7400560899569765678,26024.08239267202
7400605288950254891,572.1910080154468
7400566079170366762,3837.9255048785653
7400532286430645546,3395.057131031826
7400625372892548394,6301.865988891422
7400572994130578730,2638.0549179607137
7400547092852231466,10975.521678193973
7400589294718536990,20114.641721764612
7400567792795176222,6655.231622901725
7400587994861767982,5204.106220471493
7400595520424578346,4737.731424627105
7400583379785108778,2262.844394573086
7400931668975996206,89871.87882834305
7400968131398651179,1887.5061177638945
7400952784071298347,81.41085010892353
7400903317452377386,28.751233674423435
7400953027705720095,36903.44517148993
7400901739760700715,15824.791335164531
7400991550794206510,836.4540765853671
7400910404077112619,1568.915518090241
7400926389282606382,2434.1393411201916
7400913972762840362,23.88502140460308
7400985690684591402,10177.75990141618
7400915236896689438,57.88214577276884
7400949495770385710,6917.183806777363
7400985493376224542,27.88604099304369
7400895229508750635,28.013534345860297
7400916924227538219,10826.21453249583
7400960437375831304,17.482809471669945
7400920403461377310,748.3734315217573
7400909681876553003,100.38241841088377
7400919607210429738,88.9292900314069
7400974734609108270,3527.5671170153696
7400936062324968747,1252.3823802795398
7400938561375178014,1973.347504275145
7400939914210151710,1146.9265963705645
7401295511401057566,7714.154394421174
7401285975407824174,56.860855661545976
7401283645484453150,30.475729483690206
7401295239098469675,25.05398246042506
7401326802653760811,38.641682783641684
7401360693565410590,24.95866051782917
7401295918844185887,41135.374952113176
7401341884716649771,1673.874293771166
7401352705811156255,9062.620218361653
7401298171319667999,25.161254388530132
7401357571082259743,2529.1866103158486
7401310296612097323,421.149975666416
7401263255882157354,273440.42181327235
7401269939644009758,44.01542836712496
7401367601827319071,547.1805723060126
7401216473135385886,8478.775210394831
7401318232746921247,36.330808228631525
7401260231151439134,274333.532026354
7401255591278071070,1040.0822033480367
7401361586880924959,87975.64626818853
7401366086882446622,46609.742808573596
7401349194927164702,34.64679643781044
7401330867563531563,319.6091498217837
7401338559204019486,2248.269168465983
7401334079918050591,1025.6878277340677
7401325462154267950,2240.2853287921
7401282422483979550,650.1217906103019
7401288948091260191,35.29660860992827
7401309447311723819,65.3411106817215
7401682493629271342,5359.667797060374
7401642893900893445,37.67297643589792
7401638883546631470,34.783961858665435
7401695108434808106,11324.002152180989
7401646933829258526,58015.33593693981
7401666816814189854,45.70283352893201
7401653302292712747,4297.302088416532
7401667201138265387,13139.429929554011
7401697666700299563,68.0976468058993
7401671748116073759,23.52549585735482
7401639420228652318,122843.84151749554
7401636916422233390,8664.81268350399
7401705067717463338,1394.8824106020186
7401681569758334238,120167.03320665691
7401672503220948270,1651.4731212266418
7401715606006861099,439.5759547466372
7401707036314062122,1658.5249946558151
7402046304215371051,1687.4707653899861
7402080498278829355,35084.074533189414
7402030212642393374,16070.91883132321
7402069243094748458,4173.775656933699
7402014563706703134,54.60818583376162
7402032588438670622,38076.274441165675
7402043768297278750,3239.125345797053
7402067709434940702,33.70845299195103
7402031780259187999,5614.239049253905
7402033365307886894,662.7651331000911
7402075471078346015,29118.00257240006
7402025198498729259,2192.7679755268045
7402046111126457642,1330.0272245233525
7402082619459898667,2260.4226247907045
7402047185044458795,6910.141855250773
7402104921715182890,3336.6051736820377
7402038213172333866,1086.1427080044132
7402042601689386270,25.291147920206807
7402053073448832286,547.1608628961721
7402078657465928991,35.240561932256156
7402011081440267550,50.77575722627861
7402033494806777131,42.68357095362276
7402068083394809119,56.640813965869995
7402014296873372934,621.2566625171787
7402435390482828586,13290.691162402389
7402459256424811819,2234.019177847552
7402392058461310239,23.343492691351567
7402465850764119342,7694.973475617326
7402451370042789151,12223.439467481201
7402463776294964522,3097.895895437609
7402455325699296542,4092.420875234726
7402440601930648862,2657.0937313938416
7402442183602621738,1196.0007587336922
7402410113312492830,33.29866053307407
7402433598378282283,21822.36980372432
7402418576382102827,2399.1553289788926
7402417419257482527,20126.191446739515
7402475447348399403,14232.596561105558
7402406665280048415,80.42213772804303
7402437259645209902,10469.739667321495
7402442088526171434,32.9957995921249
7402473512465698078,2436.7091729427852
7402378671798914334,1036.53436529404
7402379869973220651,51.76377369829378
7402400321349094687,49.4080074214107
7402393875828051231,149636.38275639887
7402452533760871710,2894.963730679541
7402382030673055022,3617.2166969654454
7402453012570049822,21.911583017270562
7402448859412139295,4134.279083713889
7402383238905302314,4049.100373304093
7402475307711614239,133.1773749371331
7402456718308838687,1738.4252450464783
7402386216152321322,32.50249521209632
7402388655412907310,3998.2270084826664
7402396772443737387,16350.637161690569
7402818629135240491,34062.78307779741
7402764467605474603,44.514305732909165
7402811882513501470,3611.590916498361
7402761048425516319,304.4530654484172
7402753264329968939,1963.7200333767487
7402811680847187230,2577.0419621278857
7402829820079377706,2983.123025682623
7402807582106127658,801.2653582899792
7402757397040745759,41.28195969165487
7402769289738079519,72.26543359666492
7402756942117997867,1235.0903047123202
7402820144449326378,5690.92787470608
7402796873834155307,14360.987496703092
7402760736520375583,161362.07933670393
7402770216675036458,7278.877853760134
7402665178577243423,1119700.0116934236
7402754818994949419,51110.51095926551
7402816468989070635,572.0264954789589
7402797592943283498,17277.666770679363
7402756653801590046,763938.0256189222
7402759889312943403,9848.291599911005
7402826894904790302,204.9585111847537
7402836468508691758,2011.583712494076
7402789043211128107,49.68487084206564
7402732222337535278,1814.8491230864186
7402851386217483551,7905.765517343776
7402808688899034398,4944.499867925853
7402796367900462366,40086.840581263736
7402767039548362027,1900.4239458564148
7402839693538118942,1701.534859960234
7402832351308385566,1816.8535706833568
7402806057942142250,1819.3946041008637
7403161508672245022,43.0756184666929
7403170967855303979,9543.745543942781
7403181042359717163,21.973669038827243
7403179709447703854,3179.6784599667844
7403207943971261742,1442.0624456364562
7403136001821936939,100.58810025892087
7403119942674992426,8978.205728529427
7403195763871714603,6706.948289433636
7403132688502131999,32.78391093632442
7403165429197278494,22.98907291957242
7403167299861105962,135000.8068673176
7403157322547137835,3122.524465518892
7403129543650856238,565.9523218612967
7403215592431406366,359.08178597646025
7403155002837044526,46.2595822636661
7403175481480154410,26.07458565134824
7403118620764622110,21680.33439564047
7403172804226534686,912.6538961125326
7403205645500992810,10534.702303798245
7403180293621878058,4941.957020689228
7403197342783999262,3999.604031959692
7403120169280752926,76.38234942469178
7403168206988447018,2112.1275375196637
7403138903194045739,10636.54214596803
7403167206978374958,38.23529661086616
7403215844567993630,1796.8903959122094
7403519853862178079,17290.82187015057
7403555594726100254,3944.0425352332713
7403519563616357674,214.75422651480636
7403548894824516907,51.43830531296818
7403561005999197486,302.7500330336729
7403584029187984671,1552.5189367420726
7403520217629904170,251788.9135553916
7403497795463777578,251.49284649544114
7403547364838886699,1286.8154702031784
7403547370861923614,8750.880324706135
7403536376764976415,2268.252145473881
7403595606112898347,4962.202564379391
7403501553912532270,50277.36898955341
7403546718022765870,14935.7771628162
7403553346818264351,531705.5993826101
7403571035041172766,98122.31440153794
7403497455452491050,1493.3754635992577
7403489412010577198,78.12580514618935
7403593622861516078,917.5573918603545
7403548514522778910,2618.689013536622
7403861678703660319,330645.411880163
7403915084398873898,28.835618516678505
7403887805530754346,42.629270986164016
7403896836743875870,46.239541835017896
7403891474292608287,12681.812977612028
7403889289056095530,5314.509258820258
7403878050678721838,58.23592610307704
7403888715833036078,29.737083308083353
7403893469695020319,18976.34728013049
7403922131957927211,1202.3152941526153
7403932221133999406,35.96693953985794
7403912506504187179,3199.400499444904
7403871159160245535,1521.4836868004866
7403963843250048286,24185.94166269876
7403879404184538411,433894.66710703174
7403945581816581422,5407.338232916229
7403923427356183850,1200.4211029843696
7403907021793283371,1229.222670052287
7403932720469904671,61.37610617208901
7403885303758540078,710.4661770896348
7403956966105632042,3243.6302135875935
7404259169257147679,30.375876562700803
7404233930360081695,567.3420528817751
7404245465140645162,100.55926615592722
7404303508939296005,32.974824000818565
7404291837151792427,3903.601695042964
7404240406524775711,5719.334430373473
7404271536078605574,14117.264390762626
7404306277976788267,4103.966242299575
7404255747460287790,1226.9078482547445
7404303303523323178,44.79677348496197
7404267979208248594,36.24752923197175
7404271436468292910,30.22331953040139
7404310282740305194,4577.612909952962
7404237097919368490,22.656577137407854
7404300684742446367,173594.1158152356
7404236881422060830,11365.149924828333
7404696080832711982,2817.8014745224013
7404639944607665451,1561.3900702981846
7404625387713580331,26.56022393329852
7404675602680122666,37.32147421882616
7404665414262721834,953.2414748380975
7404676802074955038,2757.989706484866
7404673995636755742,1108.7132127114537
7404638377221311775,18546.015126855025
7404677486904151339,102.69946143295559
7404623838052404511,286.1082049542674
7404605429533281582,1182.5084156138857
7404661490793434410,12427.2133492969
7404645857737329951,42.93925378510925
7404628338523819294,19308.887379231954
7404630520371350814,521.9246692005253
7404670311439797512,70.3366631900794
7404624283852361003,22206.083570876384
7404661122374077727,14718.14440330239
7404637204921765151,95.77227419259096
7404603897848794410,120.80172787075449
7405005636637084974,3068.929402215386
7404999414785363231,564.0256194550229
7404990186536389918,29340.750613782682
7405045738822012190,39.49393073209194
7404542212375186718,104.12018681913042
7405005366590803243,31.266981029832852
7405074231429434666,4178.653079172309
7405070388075482411,2815.1359143377244
7405034913700924714,9049.393593625882
7405036418600275246,3965.796072313428
7405018196538887454,652.4652223386273
7405019733315177771,7738.895260408697
7405018870278507822,71.87139660667489
7404998521616829742,1470.6868045736833
7405018691387034911,4069.760454090725
7404980054305819910,3173.362513667388
7405055879369837870,1633.1201374258092
7405078626628013342,693.3188294900764
7405004465163521322,42.428798254260094
7405036189226454315,4286.611598641544
7404985500823604522,17322.63962975765
7405005328649030942,38.029236808321684
7405047752037797166,15910.525560369219
7405075980164877614,25181.461106067658
7404977466608995615,15607.99615368385
7404999752087063838,203.32177460207225
7405033536081628459,33.759943810824986
7405412220718370091,50.20337776466302
7405432909278022955,45889.438836029716
7405352570924862762,249048.9132578469
7405384879820606763,5957.639111010286
7405416980687129886,26.245409197927493
7405423723009805599,2057.1925129324254
7405422873508203818,31682.263035759162
7405360647837355295,42193.96206145542
7405433554634722606,450.7020972006896
7405357237851409706,30.507916411807596
7405439946170846495,35.16363918244759
7405448271184842030,63.40720105068279
7405345256314604842,88.96011397839472
7405388498468998430,1790.9732467776719
7405388216347479338,1721.4781353421106
7405386953018936606,36.2240854887492
7405405618565025054,6930.0088945227
7405430892191157546,1970.943934690463
7405422473107295534,651.2331984203402
7405371741486271775,115.53951313523993
7405422242064043306,2172.604782409479
7405366255747632414,48956.795482957124
7405411562145697070,63263.62134776663
7405361793234865454,2962.3098915323953
7405347682639826222,75.59066873477582
7405385756845296927,450.31745046951573
7405396096056380702,2686.5541518909295
7405819019913202975,5683.257653217244
7405760048045018398,1258.5181455036295
7405754346601811230,2236.3157346621324
7405755305310571806,1307.9744952238211
7405803040613141803,20536.14340258975
7405775275440622879,762.8406839540088
7405754593310788906,10598.367327265809
7405785138220551455,3006.0125476392727
7405768514759380255,5376.703605003011
7405797687850716447,7171.814032478932
7405750778125765931,4965.262939018079
7405787979882450206,146.5024527753026
7405796677854055723,44.685104406817466
7405814088690945326,2770.834642540256
7405761825146473758,36.88933717457806
7405781010484333855,22601.27498483377
7405811640848977194,12334.673993163302
7405813426917838122,6016.7081621802945
7405719824472771886,62.42215209713891
7405814428379270442,2490.7831489803425
7405768533516225838,2894.509212170223
7405818686969269546,140478.55991150442
7405736830219406622,64634.795625073275
7405771667294702891,516.7303977625712
7405726670944079134,4974.357280174576
7405746618860915998,95356.86056840354
7405740363828301098,72.347392214169
7405750922518744363,105806.67899442268
7405765043331157294,16889.156953527665
7405803983958199598,4460.059644988894
7405758071080865067,18927.283421310105
7405767487108812063,5146.726821815333
7406144232680983838,27669.21138863951
7406127541037157662,31.3941790076986
7406112967122554155,114.32583627825524
7406111082701540639,1378.5092768482707
7406147347962400042,254.98793522835695
7406127195392871711,24.85128273387728
7406155646153837855,3601.8924798678363
7406098033580051755,1740.861302571045
7406185415310380319,21354.938770959463
7406092056805903658,2142.0510681504566
7406129827213970734,3965.9322764782487
7406105632471928107,10999.157359195578
7406127670599126314,2047.2020926805872
7406188213590560031,1016.4203963276602
7406146974061268255,5257.248189470725
7406162407258688799,2952.9677571178813
7406094288574090539,702.6751854879212
7406134647102508318,1000.7517754566834
7406521865541405998,2954.355853560022
7406526842401754398,24.754935949754337
7406521533587262763,5769.174958550739
7406476381699312927,3005.55263676696
7406465980001570079,35.21627423321145
7406532633108303146,4262.324019729872
7406546018109558046,982.1716793321866
7406532297777876254,2134.313587795379
7406493407687970094,3298.7379966912226
7406460804234743086,3426.168202416715
7406458872015113503,45734.55635364851
7406513564241988895,72.82088449869369
7406527129829084447,11424.607742684255
7406460963798437166,36.234665533825755
7406549649789603102,8001.0499745598345
7406527774657187103,3147.095439359075
7406505388834622766,7637.132473319639
7406494219919002911,1789.966552260932
7407267518143810846,34.78665325907128
7407299792600157483,267673.062837832
7407238514791714079,21659.817803094273
7407261347248950558,58.939013643577496
7407128827744374058,316617.85080347053
7407290288718482734,1955.5167694699994
7407219448794352926,41.470412461358
7407274708145573163,36503.52575059531
7407214747952663850,23.476293211244048
7407207575680208174,5738.747275529488
7407294057321336094,4761.420753411262
7407211210476768554,12330.373099094882
7407235816231079211,301.50978187034644
7407213087398432042,75.71213079688174
7407231198910582022,62.81412563112364
7407236185472371999,20725.296652984332
7407265486137740574,543.5552638600253
7407229531389545771,779144.4128839007
7407673307933199646,13893.121185388987
7407659871333666090,3414.9770146629694
7407637457912499486,23.604943780921772
7407591424826330411,43359.8412200952
7407637730286374186,14133.596895510167
7407617294114917678,47.92846829769104
7407636530405149998,24201.102751798164
7407608564271025454,4845.497001603566
7407610179648261406,1097.110827092429
7407618875442957599,380.63486881395056
7407647335175458079,6710.723847803452
7407572572998602014,10974.93917649963
7407576457066892590,157019.63103151784
7407672624114896170,96929.26496319138
7407670520440720682,3131.3928077004175
7407607111678512430,23.080448563009956
7407612246962228526,33805.26170081831
7407603746093419819,1123.700974933537
7407579149717507370,490157.89199887024
7407601716838878507,20.236630289719198
7407573631355669790,717.0855285435474
7407621205487881515,844431.7127695585
7407615061453311275,5878.482407358288
7407630574699040043,3298.642180113593
7407662104221617438,701.8315123962167
7407952814707707167,65565.59868657467
7407948888268623147,182335.57158228624
7407957461065387294,4288.13530191157
7407946642332126495,44.29466393014907
7407973184127143214,241010.00310308693
7407965474635664686,1180.2993524440462
7407958823509544223,6122.849687177387
7407995977350630687,97.33752365327949
7408006268687748395,9031.79354347784
7407987543263776043,64375.92184118415
7407987450754108702,54952.831684730525
7408025601296157983,1482.6843239985596
7407991992879287595,69.86745175301522
7407958733927501099,8422.149366759659
7407944191050829102,78.09560619328774
7407964198166187295,77.38703211932432
7408009000114998570,145093.74819597992
7407942572657626398,15112.717153234025
7408035654761860394,15560.565613986193
7407986364484046110,903.2491526189577
7407960793028873514,3096.6180916758954
7407953193964981546,6423.41541295313
7407958796313709854,24409.20439036042
7408016031983144238,1438.3753627653707
7407959001876466975,3380.4208784569046
7407944258210155822,112.90731723691343
7407948989523447071,1994.159970006775
7407986510944914730,75.87649066396096
7408007459274558762,12285.355399633681
7407953814550056222,27.98685503847673
7407961383704284459,46.68917506651285
7408029716524829982,2421.5221563310593
7408009812694388010,139.70744538567612
7407995827823594782,1448.1741039896249
7408329444689055018,41.09175840681867
7408346024743390506,29.60254294903863
7408372699841498398,10145.566209650511
7408336827205045550,31.44913581751685
7408375049180286250,9037.263251643593
7408411349820263710,265.43470476808034
7408351356525808942,57.009051616780305
7408399626933521695,3688.8658618628983
7408372822059355422,1217.81775220643
7408393297476980010,230312.80545088698
7408400883169398046,35.58741693685584
7408358508850105631,132317.03193665197
7408355235397209386,578.079378892096
7408398515107286303,4601.237651194955
7408330551997828382,4258.665080158223
7408313822072589611,3499.784095352168
7408414454246870315,12741.552211461203
7408407440187870494,3739.816229927412
7408346008079387950,2538.44055557876
7408787838575185183,251.6755510882687
7408706357488127262,11206.416453600392
7408693604736093486,24.634704660124886
7408768039568690474,4298.765575466223
7408723859802836254,16863.625848698004
7408689199785774379,87.3010015875197
7408739302554799403,35.91199651593042
7408728957299756331,1373.7650498122196
7408763701089602859,583.2152265688454
7408689871612546346,2199.345082678882
7408699443857411358,25.718706844387004
7408701167305379115,2570.0798145682206
7408692638674717982,3800.4039113906383
7408716338664901930,911.8458248015486
7408696909260541214,47.462902955911
7408751367034047790,1177.411822919925
7408700213558267182,64.82143336892048
7408717840070511893,14074.303018942599
7408777903455997226,3186.9545364633814
7408686969724669214,362930.0226644575
7408775878869634334,1277.4583093179942
7408705219636350238,2895.924481054745
7409063994306186542,96.63438185978514
7409132620862508334,23.54417853907723
7409133026657029406,3175.980287669103
7409145825797901599,1687.5014594076356
7409116690690198814,15601.951141461801
7409159408741043487,994.5081491157314
7409063076420439338,1702.3117177584982
7409077490536451374,9829.144554987928
7409060728629366047,1371.6995270993066
7409156415337549086,32.48381246083524
7409097772030348574,3174.1922789580253
7409138070705933611,4018.7514678430452
7409099055852440878,1660.8394248893346
7409113777397845278,6245.6085067879785
7409100079493090590,81.8194113096521
7409073007114620202,200837.3895390273
7409155770203245855,649.7443267119094
7408952916758809899,587.3756095920902
7409144043441098014,1816.9599788270143
7409070939159186731,122.6258717538724
7409098773156138282,64345.46891191012
7409133913538333994,21.646501330552272
7409060904953859374,42401.699220151975
7409153646144883999,23.234578368742394
7409089860654370091,45.358115731330564
7409104220915289386,33766.36864768465
7409129417882029355,1448.6284198778756
7409141282305477918,3625.6864292739924
7409483880828374303,1844.372312773095
7409445276374584607,35.21435706507061
7409449566048668970,67.6466754162494
7409459404308860203,1792.8726684148824
7409510773040434474,4699.965788509425
7409429508723363079,49.16954600484313
7409503720368688430,36580.533855697235
7409496905832484142,65.88190260521914
7409454663973522719,2070.1200514473944
7409499405562219818,32.10207885960373
7409477636675620127,2257.2433318484254
7409512035186265387,7759.210517532694
7409440263162072363,2092.269247004032
7409487330949467423,14615.019266857546
7409434203864960286,12041.62781520644
7409483348420365614,86.77205748569996
7409521936637775147,34.69123641722988
7409526103712222495,6795.768460953921
7409880060510883103,28.98700145528215
7409800970143714606,447.01463371380777
7409827060790676767,114.3918456902291
7409814843366165791,9603.036030181333
7409854443404987691,30.549133399406163
7409885912836033838,10233.822204134978
7409896220417740063,83254.12327577957
7409814683273760005,40.0448549702798
7409841014501903646,1328.5125029793185
7409871202946272543,96.29336805730354
7409808195377515822,13817.803239582712
7409890085744807210,25.33290656033309
7409839206001921310,13456.821901099618
7409812314498829614,4836.713153818536
7409887785135426859,3389.4127176078973
7409852350698966315,380534.7992206726
7409867497534426398,2494.4344545311906
7409872782395280682,383.1699670018324
7409817456098725166,60.65152894634368
7409899772582104351,5875.225092110938
7410172864680365358,7644.518912783588
7410202833171074324,4831.591548469952
7410175337646132522,38.00831233315746
7410173970349133087,39.52309241316869
7410276316173421867,1239.702407669822
7410203478796291374,25929.478725788806
7410172550564613407,39.95835985421873
7410208537277697322,32.204323881638125
7410199291588807979,13995.79933099718
7410179663953268011,65.01116912649753
7410183888389311790,1589.6148158569235
7410067510256586014,17842.54368218822
7410185562734300446,1610.0860821828821
7410234961267166510,4980.23758370101
7410540471920938283,2083.0361615534202
7410549670939741482,4637.541939706286
7410594353971809567,7018.121118453531
7410545239913499946,1053.3853929647576
7410622195556240683,515.036813387927
7410549605781343530,40.868571712409945
7410594067387583775,2520.396121494149
7410541370093423902,5132.797701453119
7410546208587910443,3023.138053443161
7410616747654532394,7556.284153981904
7410641001276132639,3126.99173499844
7410636281065098538,982.3940214184709
7410591861070662958,21855.36347527492
7410545982456204586,56.5442970067686
7410572452264250655,1120.4430815793853
7410598088995261727,5623.508369246532
7410615485181611295,5622.796354126498
7410571683066596638,19697.521133548355
7410547298008091935,73.40548411357972
7410559672412851486,35.96466589612576
7410550382549568811,538.0140516185743
7410577958945213742,76.16147671746349
7410586725015194922,6661.319112622921
7410591371179920671,47123.61662631354
7410638715850132766,173.8523378493802
7410551298208320814,40.067617368135345
7410608286975773994,2217.176303529991
7410544054657699114,1963.6298792911728
7410603768137436446,1671.2375551189114
7410947420382563627,7934.069933151868
7410935177553333550,27.963326725827592
7410945072314813738,5604.067819004092
7410928245186530606,25973.176427282357
7410972324746317099,53.341165099750135
7410985484731665710,3213.6456175560834
7410977040255520030,9780.271665357215
7410919058075323679,56.76226907548195
7410943285612563755,13009.904627566226
7410939575067020586,178.2362269436315
7410872449270566175,59.814487700123166
7410917569588186398,56.553644677877266
7410953111407381806,2975.176879933253
7410924769157074222,56.79131715243936
7410916635885735199,502.46248941384243
7410935561197767978,10986.557854788514
7410921495486156074,1572.2098750880566
7410956772648799534,40.36364314400529
7410939360125734187,323.9220981946989
7410991347089378590,480.3857518311162
7411005232026553631,1336.3790676355122
7411004769935969579,33.1325618443222
7410928844015815967,11269.09408416942
7411011085492374826,40.5588634221449
7410916850516659487,30.532479853758424
7411313010469375263,248.60310006122089
7411309505944014126,14565.044164817547
7411293980782103851,11191.955978777167
7411295476340886826,1695.0090353755002
7411355950931643678,6889.574293541589
7411310928219655470,61732.16630084539
7411292592937372974,41.40101835819339
7411331112120667435,193.66206746151886
7411314497425640734,3582.5361348428187
7411331198053584158,21703.95190185783
7411376323433663790,3829.037384393849
7411296399871986987,101.94159627903257
7411312786732797230,4611.255604904037
7411282557955902766,246691.16693864827
7411354476956683551,3697.16112151636
7411346602905980191,3309.1764459946403
7411366665675345198,2758.9702794382565
7411328342760246558,1395.7539886785553
7411312175005961514,25353.163445186092
7411367691170368814,1822.8689083966724
7411321398553005355,6258.872808664507
7411363294361013546,52.26225499901285
7411289704735214879,197.86578752041524
7411321845099646239,24.10470752000588
7411284322440826154,95.0857319330105
7411288796735507743,1275.3916645841882
7411294143453908267,3219.6624092181264
7411327654412111150,43.03863122295534
7411352047469088031,1143.6631915929415
7411339138198326559,87.00779335397696
7411349388640931118,76.91399596621477
7411335562130427167,1975.3423359229027
7411687727206370565,32961.17764847237
7411752599377988895,54.45765871291454
7411721527541927198,31.386915015049592
7411731455103094059,49.24080581884781
7411701646943587614,56.26921791790998
7411698199473311019,82413.9068059972
7411708779101834538,3777.92359436474
7411689535488199979,4336.018138959575
7411718440349650222,1121.9343914676424
7411752500006554922,1109.672061139815
7411737910036286750,1751.447662024589
7411672167026527534,76.59872602085466
7411701659039960350,69.63188540971888
7411698892447829279,44.107696675975085
7411705531431210271,12780.069774379512
7411662092454858027,57384.55138240035
7411661711326973226,74.68375094061946
7411660552721796358,23.347954479636332
7412103961454628142,2960.791490841533
7412050237235236139,1868.3270893481254
7412097031897992491,11042.154145771072
7412079482787384618,32.386916183107864
7412094504733281579,3221.058386310743
7412041596411055402,498.2421141053569
7412051047176359211,59243.656589240214
7412075497997356319,13882.807860670719
7412055821032541486,55.517414095789555
7412057785577278766,12513.51631832818
7412067333780426026,1137.7204975288678
7412028030144564510,8439.58140126348
7412116772750511406,32.96309822551785
7412042082845494571,133.57833928273482
7412047249485679902,35.30923221618269
7412049352065076522,42.3005857179003
7412041491641584927,467.94487989841673
7412076007529762079,4913.31425638302
7412042402925415711,2186.036985847059
7412104607666572574,1751288.6470852785
7412436688116567342,49.80487087341822
7412478285415812382,56.16441242251626
7412481194941615390,1740.0858057030825
7412413064764575006,204121.29944570636
7412486808686087466,3439.9942475136886
7412415480448699679,35.84452664189052
7412501079780461870,8703.227046049698
7412500704549440799,1268.863770898804
7412457068524768542,28543.052367899178
7412502563435613482,2481.3585167327474
7412433549002902827,189836.43689501387
7412479882413739294,2527.2644435653488
7412485597073329450,7309.44969178281
7412404598570339614,12501.18319880595
7412412542288481567,149.06874405064144
7412430385163930910,54.75497483886941
7412445729928596767,37.38984019331246
7412501848449486111,2303.112097242316
7412411877864557866,61.52096705694221
7412467578381045022,4277.155725627052
7412482936546528543,6740.688682776356
7412435650852556074,473225.7159728896
7412481644839374111,1857.3166784049852
7412431829036272939,132.11952026630036
7412406045437332779,154.44766718982555
7412420268628413739,2101.441291408076
7412450576073592094,1711.1487101137052
7412397724315684127,64.44589742266507
7412400413778939167,90.49281941070387
7413206594357415211,4833.8436744052415
7413194687755980063,51.951249134240676
7413199182321716522,1894.695858191017
7413231410368007454,8122.370454648754
7413163210586492202,560.163365128414
7413163917121211694,365.8396046723622
7413152220520189227,49.806112296528994
7413141517268749611,2536.164719178685
7413226082117127467,8746.500783585467
7413177451888643358,10320.534737880553
7413175678960520491,382.49893277988394
7413191358166338859,59.480422060287836
7413143559324437791,12583.645618176046
7413153773347966239,33.8685914535214
7413149414702861598,51.63979912405259
7413180232292666666,12228.791451522397
7413532885845675295,342.9615385819002
7413615471401979179,7771.499217839044
7413597389694520607,867.7443332408698
7413529952567561503,24118.379413690054
7413568124810743070,48.741832228420975
7413563173460053278,47.85092761787005
7413571690506046766,11037.912253351216
7413575469129321771,763.5600740114712
7413515903180098858,10447.896845762989
7413515026398448942,1301.0528606007895
7413508837736549674,80368.86484846167
7413557456401468714,1619.6920173209107
7413586858757737770,3005.8384657992087
7413606141797715230,7019.675613926574
7413527230707420447,7585.071837736905
7413602348443979051,189.52002240119415
7413539903545281822,1898.0765016838213
7413584649181531422,1534.4252179057085
7413523453179071790,1835.8270857516034
7413570592240291118,78.39759583347926
7413598688884297006,3204.776590542175
7413882204670971167,116.92403737127624
7413887679235902750,416.96267041558826
7413896132264201515,1573.5769567738744
7413951037972696351,32.542125660799044
7413896742053170463,15641.580006877817
7413896888467918126,2091.3444700458494
7413947582830906655,75163.44872708495
7413925155686124843,88.07959876950189
7413935453918727455,812.5026126653592
7413896378117655839,36.22761688933142
7413968568519363871,6108.902578223915
7413939204876455199,36.43815576931477
7413929238719434015,56.307909937365544
7413891095492332846,2114.478192148415
7413904215707274539,39.32530133249052
7413953795765357854,2178.3778063228765
7413891790165626118,31.921893348485128
7413939005420588319,36.21492079111004
7413917731592097070,3863.783451029033
7413919495514869022,45.27855732565885
7413979982831111467,6047.92221331295
7413973540946447647,92.85034190593458
7413941764811181342,7131.521845240125
7413938820191636779,1056.4224085548626
7413978540145691934,2083.2945281478264
7413927073997229343,7059.055051451514
7414279868591951147,1446.521334100295
7414292458302901547,7938.206319657565
7414302742098791722,2266.5108000022906
7414354779746520366,3072.6921902988984
7414285673793948971,4667.85453046214
7414252129126337838,42.35214079325215
7414336594489986335,13675.051463073247
7414334985060109611,1512.2971538722788
7414266674393746719,182.35915728913483
7414266147165572394,97.05000108409381
7414345393607118110,88.43211247633859
7414307187301829918,21636.67136155888
7414296285257141547,41.77497462149423
7414297074470014238,485.10856380413253
7414296612047965470,1476.7547273965245
7414300392240024874,5001.509295027003
7414318888621591851,17926.132615429186
7414357488562113835,12194.221582343365
7414319447080684846,20236.219837086992
7414326939764149547,2629.148981172076
7414292036938927390,68.16922687796028
7414304552649821482,2017.2743248531378
7414311119189462318,7166.206942511226
7414293025767132458,10476.26725632564
7414299450413174046,7665.750798753119
7414328394302655787,3633.182585114057
7414282015484284202,37.78954943113818
7414270354371169579,4648.665591777171
7414287083763813678,46.587346426099614
7414321050424593707,1751.6493741763556
7414251343621164319,138.5368081062842
7414294214424415519,194.9651252144463
7414639409133292842,149.8543426763974
7414622344456441118,1499.5353487520183
7414622083524644139,11488.658700426393
7414639136956501291,123.77564942355154
7414643627948838174,231297.88792460653
7414703870137584942,4032.1788590528586
7414638235063766315,4552.046058036047
7414655896195763487,28.647533051823903
7414662367805492522,4697.867696540996
7414659951009844511,101.27614065897674
7414707552899845418,1023.6876838902512
7414653124926835998,2569.0214005812963
7414640331418766623,17055.977464018164
7414728859125337375,2509.311049366349
7414688650421701919,2973.2606043776036
7414728041760361771,2466.3097129624603
7414683843069791530,29.367052065700324
7414652786136157471,74.09179298782762
7414713135371816238,1530.918866705235
7414667383672999210,3118.9229797920457
7414652824337894698,3624.054207679776
7415070418379361579,12497.261147232728
7415091474326392094,2833.473838878187
7415019093507558698,13064.903430922832
7415062399251746090,3215.116780166376
7415079556630990122,2085.816191517245
7415033265473506606,25.67318988830661
7415086687988043051,633.4841575607816
7415091981367479595,13.5922361838017
7415040349732637983,91.05816476122895
7415089683820072222,6136.124368625487
7414995501646646574,65.79265699588795
7415094777110154538,9362.730930838428
7415074771622251807,18216.181634023233
7414994317258919198,336057.92973642127
7415079821300075819,2993.601039428593
7415010112009555206,529.6663340885164
7415052449582615854,5868.0709264320885
7415076410324225323,31.28231931026612
7415035847717915950,1620.5689701655117
7415075881254800671,1773.5513989093965
7415087716926229803,43028.27786735462
7415007678226779435,3306.076106640303
7415072173150178581,276.55247050573786
7415018583157230879,2992.438152483787
7415057200667823403,290.26235032068837
7415081871450656031,35578.31213879112
7415098182683692318,701.8143454031424
7415009288768277790,1875.2938565204995
7415058600189545771,7564.179377124815
7415377435409255726,65.6850198880544
7415397552939420971,1950.9090685384144
7415470057154727210,952.238796485419
7415374934987361566,48.82697740647757
7415448300322655531,8858.579155006586
7415421255286852907,3357.7193983002862
7415451125588954398,229.89653580741452
7415404124210056490,130.70978085765816
7415422246107237662,2526.403196748826
7415382715802914091,34.58939047326903
7415439420721057055,39.5035555415359
7415471425735216414,4728.571581280684
7415389048744742174,560.9136754559123
7415366432365579550,120901.50429886738
7415452173561171246,9782.196010711918
7415401524500712735,127981.04835971321
7415445913704926506,36.96656044861107
7415376817533603114,62222.54934092422
7415365949727067423,86863.43400034668
7415379190825962794,3052.192777727767
7415425241108794667,2979.2747194480744
7415405679579565354,50629.401818280116
7415441162653207850,7271.7822420156745
7415458037046988074,3111.9586799016256
7415369533105425694,3123.01629557294
7415744662327119147,82.58173695913585
7415765026927037727,9273.032865785533
7415829781188496683,445.23484768096887
7415782991638646047,65.04571024200975
7415784315440713002,654.459011598432
7415806527010884907,6894.125894633996
7415763144888323359,27.329718067771566
7415762833620667690,46451.97686085068
7415816225286049055,6644.566445435233
7415755397585325342,51.8861574494474
7415766063951924523,45.783662023770034
7415785975164521759,3952.7242443838895
7415802972942142750,3062.095405255999
7415801296726330667,42583.78229745008
7415841107038489902,1243.371289280395
7415783597669387566,450.1441316833561
7415769462600682794,10155.045518383236
7415735891953519915,623.0647447663749
7415747895900556586,207.3872549241342
7415840585912716575,4083.092522318079
7415766593763937566,1197.3384002413961
7415773987801746731,1278.93663173483
7415838639428554026,645.7577568744574
7415795083406085419,4506.658559760485
7415749879533833518,41.624874880789235
7415739563118791942,275.6390317507107
7415824544738315566,7135.951660937508
7416142382212713759,173.1388609243994
7416183903733435691,3924.821029772962
7416151610063113515,3377.9418270737106
7416150036423167263,5671.944877144205
7416119166949723423,1706.3485459390365
7416106744494984478,1853.9367749800408
7416128369642753310,50.22663345325282
7416132061720825134,1908.6914915513128
7416154005153271082,647.0654117559275
7416195706639224106,62.87558576893388
7416193458890755370,2257.208226154061
7416159412441681183,8198.689001749706
7416181436585184543,4259.825851543159
7416135098128502047,36637.29847912162
7416206642078895390,4814.380231493204
7416128843750100266,8619.243115734993
7416172877474499870,27175.46773768895
7416879740419624235,22435.040765513742
7416936636124040479,133564.43586555248
7416917268908674350,1014.1908454275937
7416878016946588974,4495.969743905317
7416901150449929502,2048.063706094333
7416891123186126110,244.00451658607713
7416912243868126506,2644.988572937813
7416917118949657886,1555.1329224297078
7416869229963595039,2892.7111867719386
7416944729582996767,3420.390915062603
7416852482606845230,54.32881062069984
7416914910610754858,478.7664745418956
7416932844955700526,29755.425236160652
7416877283882929451,64472.14502801551
7416874334221847851,29911.157413751713
7416897441384959238,31.848175737804723
7416865995186326814,177240.18160846242
7416905632097357086,30.609382303860006
7416869876393872682,3676.4274736962243
7416886351141932331,2522.8577080958257
7417253919266508062,1990.8729817893882
7417254770290855199,566.0124241841816
7417273060002123050,213.1086805211865
7417236381262662958,2152.401257484733
7417220970450275630,45.07850096860309
7417251342273531179,1648.4448512668876
7417294048228134187,159561.25121186816
7417290527718018334,458.05950026116966
7417277363672730911,40.26455311746804
7417286565950459166,2884.283180764997
7417285567152393503,48.29006503620432
7417230570536701215,425.57977226696374
7417318444028316974,870.8531473436232
7417253265513024814,5416.39873042004
7417322506526281002,120.96376201980277
7417278662589877534,477.6372564590472
7415640308932791595,545.9307894226021
7417625659117210911,4867.3000464339875
7417654823195184430,2666.1890290056017
7417635846272060714,229.2449779343444
7417682275447508270,81.72751054669884
7417640663916891435,384.7092019131459
7417675546617810219,71.90748088590215
7417605161083751710,651.8744389512747
7417646560625937707,85.06458562234634
7417647768728046879,163.71945722366783
7417670552573299998,5157.332788303212
7417597951901568298,803.4345542082291
7417599188210355487,77.6096933904774
7417637732002090286,43.32527618042661
7417670279205309738,39.036848349921655
7417667212971871531,527.4407973306314
7417612316205845806,360.59304953766605
7417686481138896171,975.5794491752923
7417594077740272927,977.0882268579754
7417599532331978015,97.00489263451752
7417616047852801311,59.09261981487027
7417650545340468522,1470.8968056804279
7417652512456527150,1593.587302420948
7417607977567374635,70.27822353855485
7417674637351472426,2210.7246629248493
7417989238072905002,16613.888205152532
7417994164467420422,30.32127196949723
7418047720272694559,1354.4916386822747
7417974793569340702,306.4599642818342
7418032489047936286,10231.186601751251
7417962764951358762,57.44710183909175
7418008443040058655,52.493124687481604
7417962335760862495,2649.6194228603563
7417967022186794282,3082.036900026768
7417996688855469354,6306.61283088298
7418004597601586474,400.0917450247052
7418019661444304170,3992.4473389129707
7418006847904288031,33.82759794305016
7418042125029231877,697.4190083347326
7418059234195148075,2269.0332742115816
7418002057451392299,128.1086131347575
7417973902871104798,1843.8317239060038
7418010790654938398,14895.037549228631
7418021041810738463,1862.8757490135104
7417995856667856159,5561.328050013051
7418023249105210655,4734.680911741289
7418041399553166622,14849.498630221753
7418021990528797995,1255.9038463040993
7417972542960373023,5277.131783000155
7417962811327778079,36484.565081722314
7418391420458781994,43.0696922970061
7418353610259500334,70.62746705623519
7418397130810854686,46.84423475500873
7418371126126054698,15.41382379893025
7418363740065778986,3959.5888487716725
7418403216406154538,2077.552265345345
7418423349757513006,44.82094182778104
7418378717161852203,8739.320589109471
7418431055541128490,344.9192863246993
7418340545518505246,43.48472477582894
7418348844762598698,52.05124513603438
7418427343095647534,2448.579145617658
7418333689840422187,94.65437203227225
7418377541980802335,46.95600975036326
7418363876762209566,3354.0001714761443
7418426771290197291,2306.046400058921
7418401395553864967,2454.612993607507
7418407990132264235,2585.0185368941593
7418339401505213738,15419.500088190223
7418358321180134687,81.5731853277899
7418426073605573931,8662.333997659087
7418411105027935518,2581.6364588153265
7418348745076591902,4767.452143659298
7418370168985816363,55969.30012294826
7418359889262677291,32758.286867680392
7418407464669908245,1981.017821982689
7418407322931809579,50.1689032223404
7418775394477690142,493.45467365006635
7418710881573309739,1851.2879196756073
7418717565821668651,22.893742849442763
7418755946899344683,510.2865814462034
7418739347882560811,45150.60501032545
7418763502552354094,88.08586271188203
7418706873316166954,24900.646390770416
7418711218753375519,132.80097363902632
7418707411667520810,13588.85887480488
7418811331714813204,1211.9548513147217
7418731282881973547,38.490383738455314
7418726047237082411,796.4369783087276
7418796798543760671,64.25708317180504
7418797517803982110,2028.8561118625728
7418811668890733867,1312.3263213967793
7418804365797887278,2422.8448638616583
7418740691058216238,3222.1787214285223
7418749866572008735,3577.5859565661
7418783068321877291,6663.214616571059
7418794472605060382,3218.5542037112086
7419094436115713323,29.932280158593006
7419102043446578478,5588.159797959856
7419076315476659487,39.383633380707025
7419110357190348074,4767.247041071937
7419169332707626286,594.2039657517867
7419161558858681643,108.45368221667464
7419090879832411422,3203.6180626843857
7419112522751495466,3463.8546484485205
7419116935801081119,49.195702388292794
7419108535394438431,15256.813451551514
7419083184610020638,189.67989602353043
7419135592329415978,41.18015420570521
7419097685698907422,10804.119489956503
7419105249551453470,4311.629355485013
7419101882007883054,16048.40703487488
7419150148187589919,3488.0600272214056
7419140350138223918,28.520274823711507
7419087482718899498,1089.2855585729137
7419152311089368350,111429.65711329815
7419091863946448174,2900276.183799877
7419086108245495082,12179.4975645288
7419080611928771883,2512.9588310137324
7419132592773172526,3245.198223423795
7419078726287117610,53.25974796205855
7419152031266409771,20066.287820011195
7419159620918283550,829.7989282134903
7419107614576889130,3278.774147123775
7419114045502000414,60.73010047690009
7419462744371662126,107.44245640324324
7419459162779733279,11774.301378155382
7419476934427528490,31986.05969019106
7419489999558659359,146421.9418402577
7419546838476377374,1644.110096562216
7419485885177007406,54.31967250155309
7419480557064572190,18982.821486749104
7419469291398991135,45.03182188449569
7419490755015806254,87.17157882452263
7419496887725706526,70.80862222771516
7419469518411468078,5519.853484812672
7419844485183507758,61880.910138187
7419906264303553834,1623.688770127894
7419877697960070405,43.90067416861825
7419873333925121323,29.922111444911533
7419851640221502763,42.52789663213095
7419884825940741422,63.57814889933986
7419884434129849646,696.8705905871044
7419834661708238123,1094.9705585950549
7419885917193653534,108.60443010318242
7419920115715575046,2018.7023273011553
7419877268786531630,747.9936030027279
7419834179300609326,3113.048217343511
7419826217752235307,42.841447234370364
7419839212461247790,102.66055998873433
7419844303398178090,57.23336426694476
7419883383829908782,3727.8056060121053
7420219389502590254,9995.60561968447
7420196927607672110,892.6043640751054
7420208140328881454,54.79438594156347
7420261050337217838,32.20454104706217
7420214805220429102,5283.836039002089
7420240423731432734,45.012226093320585
7420210658639203627,23688.542284595685
7420255519769726251,1116.1391597002562
7420195608205511979,65469.02038185459
7420253717339065646,219.67793022688255
7420244972831722798,5873.700252097097
7420230263805840682,201.93170128936015
7420235476117867806,4066.2594801293167
7420202525292285214,33.887852079394285
7420197994655403294,1243310.0729753766
7420250489054399774,510.3687188972519
7420237283502198058,1688.6258720729982
7420200764590607658,54.02752650933205
7420240066334706974,268.74055202851054
7420199931266485550,287.37213293551247
7420236162209729838,1622.2637898920177
7420278984786611474,2474.3822666992655
7420204643348811054,48.20221229575346
7420246646199471402,69184.92316836215
7420624362908159262,876.3826836935108
7420532840263093546,303919.4195697803
7420586737040133419,4281.661918035852
7420646745647959327,1053.6768395071267
7420633251494055214,1845.9481424648752
7420569432470179102,154.4036153350151
7420634230360771871,192691.29865517325
7420629384215661854,405.88101799455785
7420592303825227051,40179.29505850744
7420574272852118814,8521.607626956134
7420584983598845230,42.55256355703438
7420581229101206827,53203.063639561224
7420608648449248543,4705.119371511073
7420661047238888746,3943.79185372082
7420628578267614507,4368.416852494023
7420597085763947806,95.67650969392125
7420562602700344607,678.8374555677815
7420625907574000926,5674.342593257108
7420652608177671467,1700.215694501687
7420565279639407915,4120.638610347765
7420574225687334190,50874.93021834239
7420956502799715615,5211.583714230018
7420960829341797674,51.682903944176836
7420942027476503839,231.78048882272708
7420999655779044650,36.68456954307705
7420970955939400991,144793.2526954358
7420974792897056030,40.962860998172125
7420979730733698346,17751.0012148147
7420976675564834079,49.685877049998616
7420965313279266079,5199.547688741875
7420934047406345514,2093.884534535795
7420948790644854047,24348.39037904954
7420996934216830251,12213.107455848873
7421027348503416095,2508.7889754136468
7421026940259241258,2271.438083375637
7421005258362572075,765.182208774327
7420995984936815918,3871.8317907268524
7420983408433712426,3257.775017821022
7421008504464346398,67.18000272498477
7421350699532832031,14923.225885629172
7421404759460023595,1493.9176212242287
7421361063314165035,10114.582616658849
7421347699372625198,93.78137557462044
7421326589612346654,91.54463010566297
7421363279575960874,18623.425973506513
7421340076178722094,2147.5469471296665
7421357977300487467,1871.1607059564396
7421325640093289759,3383.926607811579
7421356689506733358,144809.38409938038
7421322222842858798,102.67851179768034
7421354261365263647,1511.9619171118618
7421387240770768159,971.268143668616
7421332066609958187,100.36069266002019
7421364191363157279,49.40529183899945
7421334231349054762,57.179310221104465
7421360713245101358,43.15894252512917
7421360776801209642,4015.588308670413
7421334057016904990,9846.906365585834
7421323513392500014,37244.67888194742
7421311901050703150,39.420721648833926
7421392218679774506,4026.2085838746307
7421302050690026782,8932.993572518913
7421306885984357675,44.31458466003248
7421378987148037406,3735.430547807822
7421724216124296491,1372.811962839956
7421700147978964267,5467.840008801441
7421682680078601515,1880.362830641205
7421720822710324526,1256.9648025607207
7421678934355365163,67.30249308808598
7421674272143215914,236.39673975419754
7421716009301675294,225.27534268647196
7421773158308384042,3669.117134325872
7421780641076792607,1149.6889448566253
7421722953328512287,1269.062714277463
7421691490625178922,1261.0554636347224
7421692631220030725,11193.705430677102
7421699671292202283,7109.878056166417
7421726215226117406,1344.4474445944786
7421769778483711274,2004.4717747940792
7421714493182381342,2217.2392415254676
7421681017888460075,44.35683309558782
7421705386400517406,203216.13596096344
7421759909626252587,123.92186389188164
7421679207815728427,8707.741853527146
7422078732065672491,5143.20690323516
7422108065907903787,5483.003820992182
7422136445646687530,9720.40664784579
7422103375547780383,2897.391157642946
7422055727092665646,230.01537045990722
7422145468760673567,6974.605283876046
7422058982417763614,137.6484438115474
7422084993142361387,53.9944854155835
7422064119609560350,58.7344697996369
7422075915041131822,7847.282692534451
7422072346523028779,104.48240840953152
7422070036170313006,60.97742297969208
7422136488223051054,6661.23003339256
7422055129139907871,60.19851397486171
7422061083000589614,69.38342731023685
7422109219245100331,71.38423927036071
7422057833253883179,279947.28249385284
7422102363718143275,279.3679342830291
7422081620112346411,19918.323492610365
7422051463226002730,8902.906390707178
7422117280181407007,65.11528314382004
7422079637863320862,49.228349806806676
7422118274571455790,9653.164630654195
7422047759345290542,86.15710639888653
7422043647048207646,1636829.575331007
7422066833299197214,160.17184303513946
7422805796997680414,28.344583173431417
7422835664300854558,9389.369846894995
7422797632474565931,528.0355261179511
7422799659157949738,108300.1759629451
7422813374213262635,1484.0002852650061
7422804191980293422,2347.158474843412
7422891211985259807,42.77452282863729
7422862437629578526,573.3833159379091
7422820823485943083,78.21166125450905
7422855985095576874,2559.0327439546804
7422871160758619422,172.57654963847364
7422827734713503022,79.14904120571767
7422863792670854420,54.7933924144506
7422848513547062558,3350.0660659230803
7422852768647482666,3883.6193936115437
7422847051060235563,1721.2184243070817
7422834143098096927,3905.0738226535395
7422831079054232863,1446.7970970154702
7422806393071340846,5844.741622992135
7422838420533185823,594.4476929256213
7422811001722146094,169.5407817931318
7423212846521027883,5172.226209230076
7423217345629392158,4525.145646694774
7423180516393897247,38.37368725334019
7423215929808440607,2586.5205312244684
7423162483109678382,4694.730468459792
7423168319676484895,75939.24631686295
7423200412074806533,62.62035493866502
7423187689568095518,75.3185458914335
7423228738034208031,2973.229137570358
7423219891802492190,256.8388901236026
7423231507571002666,14507.774009840174
7423200157258255647,54.428933871657755
7423221084461239595,1933.6230570148323
7423212755127242026,3417.6850920247325
7423217575309348139,443155.2686103399
7423197632501239082,60.02371816106348
7423179464898579758,55.964838225897566
7423179350792588587,15094.371695293716
7423195345099705643,4898.921786384871
7423256022145355013,61.67304528576582
7423174539900865838,49.499189776086354
7423186010734906655,3567.937414607284
7423209128522403118,2402.346584694648
7423255738849709358,4630.873544607588
7423623194440994094,21925.27743166286
7423597346644069663,89369.37339011279
7423616242650467614,2631.82808603163
7423624614137433375,369.5966998300337
7423551981282741547,144.65366774623567
7423567943436373278,3417.362069375587
7423545343700159786,38.0160558288633
7423619917053807902,1587.5942031971363
7423601326522649886,58.12836910651298
7423536406099692843,489.07663669030967
7423552603142917418,1093070.8534261924
7423566852946677022,110.2062913829508
7423552599485336875,22703.651660917716
7423587347909872938,105.85915984424646
7423565138298653998,34072.65257659885
7423561838996000043,8614.041675112681
7423597566115335454,1656.6269521460551
7423612668637990186,57.435441893260275
7423575228766342443,74.59948278738332
7423571586197802283,5058.838856838592
7423608542239804702,11878.599757072861
7423578095937932586,3090.7119772737715
7423530832683355422,484.60246081482734
7423565447615794475,3742.8343353367727
7423623992394779935,4379.659757364765
7423543226662997278,1926.6454035935085
7423572891662306603,7084.357004627152
7423590217640135979,11201.125450059299
7423565359329922335,3298.0046903039356
7423584028424523054,474.3426584037309
7423566376339524906,53.11980977410891
7423946528668028202,8837.713325884368
7423977308807040299,8180.396628667275
7423902517496466718,259.33977945085064
7423923595925114158,131.46049682353694
7423959756324310314,4665.526011865141
7423913443142454558,4149.902915920672
7423973132949720366,146.6788960288591
7423911282526489861,789.3341205443955
7423964646085774622,9174.324940924185
7423919094379973930,3741.2668304937306
7423956553448934699,3577.3901819400753
7423908049795943722,143.3429983453668
7423919155662834986,145.84678324381963
7423905602075626795,3777.489751699097
7423953349927537962,87.24907430371381
7424004112133475614,1111.041162648391
7423939978398305579,72.57960581992084
7424339078251957534,5670098.92148267
7424332453789093151,58.46367294243537
7424326432622382379,900.3078726087965
7423977966297763114,2935.127851404596
7424286338498710814,134691.7390123462
7424372763902659886,3030.2808242140695
7424271137091243307,38.50273876377233
7424366271946296606,86.9200289805352
7424373934230965547,2281.1862317184136
7424351218144709934,729.296528571731
7424286252578426142,87.60062600446167
7424314072436346154,50.87493841243191
7424290086474452270,1629.1937722861564
7424276988698938666,9869.22270700718
7424291475522997546,174.53516395138737
7424343569210625323,2354.9465633547534
7424323460253355294,1327.7566511883401
7424282716209810734,96.22347676636161
7424340079755283755,6378.309409267968
7424330914492108074,31.813550507885992
7424347815742180654,1327769.000841062
7424370585196629291,1660.5018677320736
7424270636438113567,4483.3781172816125
7424318469522459950,44.0018939909177
7424328725845626154,2851.2798130810347
7424299548216118574,116.12416000379422
7424662171113573674,5354.536212408189
7424695519026449695,1127.1265807245563
7424651011396242734,41.618219903088026
7424660409610767658,2484.248146657804
7424684597960576287,438.1307732377702
7424734365705342251,57.584422397511496
7424668385394347307,83651.56411410205
7424703674397642030,23006.953103928074
7424680199968607534,8893.652684469222
7424670439080840494,79.60616745882577
7424678877689236779,16374.215550162025
7424679155326815518,17113.842467756484
7424689634841496863,16199.009012911594
7424690126892158251,5100.832871559291
7424734316481072426,46.81711649215654
7424661727138155807,2057.8683530881476
7424706159703051551,52.5470545822115
7424694193810951467,2378.6466438619045
7424687664772746539,118039.78355032069
7424655538329242911,8682.201070707257
7424684955181026591,50.917861663927106
7425109501809904926,1788.8503798576137
7425066746295356714,7794.255188453391
7425019681985072426,734.9197775868065
7425100582362500398,848.7454431647686
7425031556370320686,49495.3724826088
7425076036582378782,407.7102495161145
7425109824616221998,2367.716529240336
7425044410687081771,63.926805576941284
7425061552123809055,43.27282414924261
7425101285864639787,4193.890717998982
7425098600004259103,834.707982573715
7425037123956264234,1232.5290187045032
7425016437615398190,53.87051550749864
7425019239548865822,402.3509871327542
7425059684563897646,96.12636184412524
7425088749089885471,2436.5985622406947
7425049888284478763,1879.7869192663877
7425023634210688298,90.30940235005171
7425060092753595691,735.9232362587271
7425072780091067691,2774.2712389396693
7425069066311699754,3467.677855348288
7425054744852417838,45620.814233063684
7425026165921844523,85.9722145010868
7425107228211809579,6995.0686302733975
7425077510485871902,1210.140205834468
7425056551435570463,93.39241539310696
7425412958114565419,7499.394389873672
7425405465346968863,355943.9650832513
7425397323137682730,457.2564897531142
7425393280113839402,3214.386278114275
7425463726431784238,5815.519333740019
7425421366616247595,1166077.8296921053
7425447425608781099,169.43912877364895
7425461564997750047,934.5538573663406
7425401813840481566,1621.0609684827202
7425417968772861215,20658.49016438511
7425463730592320811,54.08810655098732
7425435365881695518,9954.4772040114
7425473112986127646,797.8565816149826
7425404345899814174,754.6911317595963
7425397606479629610,77825.61782148389
7425822115888139566,4190.450925540862
7425770443891641606,349.54126295852325
7425757257230454046,7670.365917155137
7425861120734399790,2976.794489396193
7425761745060334890,903.688479198459
7425790763197304107,3918.826966769659
7425819627881631007,3649.183929782748
7425766248954252587,919.7542349162354
7425804025683070251,4108.04118386278
7425801126647303467,528.5738427534568
7425789599714200862,3378.3917387704873
7425810821743234347,50367.82633401264
7425786259534122271,165.51976929587994
7425762074661326123,112.19858568634784
7425835742619897130,3045.6113695665035
7425786913950371102,2180.1427901976253
7425767818714434847,2567.101454176459
7425776657769729310,744.7528272835493
7425801710494289183,2831.3314482164346
7426170246320426286,15383.165648949705
7426146829030477099,47.857414991058576
7426212771651570990,3694.553151433704
7426201561354751262,46.81423160550349
7426127455632624926,12004.812615359491
7426145740222762270,865.7510127606731
7426173028536519967,2559.6615542146824
7426189046134721823,5313.701017134061
7426148763854621998,15566.915768672687
7426193187389082910,1589.7640368886957
7426204568502996267,3284.014212426991
7426158329686281515,102.93354205913887
7426176712678853931,3226.513214426704
7426142121813560622,399.93466421166426
7426163151063797038,4369.898964908378
7426181853121383722,4469.116783448448
7426201928159202602,1418.9178849887783
7426156184987503915,64951.18729471724
7426190413448416558,49.61619034264178
7426165053751135534,75.97153240778952
7426076055473032478,47181.11581315387
7426130132433128735,6936.611080171918
7426131866073369902,10315.316677455703
7426145850578963743,846.6172822091758
7426127560964050206,166832.0818155309
7426158394865732894,885.3032133506312
7426555900174863659,2754.859520625932
7426509589551631646,12785.045643285006
7426580353407683886,123362.50571631487
7426579036014513439,75.07834502636419
7426529114862963998,14832.1113633429
7426524693139803438,126673.48135867048
7426543075331214634,672674.5121087312
7426559630605585707,1596.4497754028785
7426514326036548906,127743.56183304463
7426577289946828078,2139.0344048293173
7426575357807054122,3043.809268311529
7426509863552830750,98.19089367298912
7426577071427767598,1503.4098749371212
7426534462911089966,4702.136128202427
7426555081799028014,1370.96492732041
7426498211457551659,1018.0442011615995
7426508186829589791,2229.7629869876405
7426504778697428267,618.1873991955257
7426544227024145710,3066.1069492180623
7426531577808801070,50.93388366033156
7426581966616661290,336.5842158750273
7426537411099757854,3716.3883942298207
7426553863844547871,3026.382861392728
7426571622296997163,1544.6553578787605
7426534529239747883,1217.636026835074
7426572787097046314,3123.0439462519334
7426570865447587118,2374.2780453298446
7426899228078722334,28.2595788073314
7426873679767850286,794.4064325777391
7426877895395511595,203.69263166438785
7426918014580198699,7690.222551099545
7426903547570113835,35371.5751569683
7426889469862759710,40.03652973909098
7426938990869171498,1134.8075430345577
7426928790410087726,12103.794106394944
7426882962580491566,4709.855170555119
7426917387854744878,9140.331226669756
7426883927329000735,3496.323054143644
7426951407426653471,3967.847386034884
7426895289664933162,39.63755781674847
7426880047652326686,4558.742564284877
7426897349458349343,68.55393412604208
7426925064852950314,87.0208331300829
7426929611105193262,505.1581343394398
7426904506631195947,2067.5549040832957
7426959391649320235,78.74800274304765
7426887338879454494,838.4566297455347
7426887257421958446,2556.9107053168864
7426892737326124330,143.8285802395599
7426872257114279211,3052.994728759984
7426908634862456106,3241.9128897669943
7426930983737363743,2713.292734769116
7426872690381737247,60.19666191205404
7426645205954219306,135.94026410632628
7427261049834900778,618.2522127564625
7427251367112166662,31783.790519247297
7427346558317890847,278.33395378808257
7427246029818383658,3680.3898703024774
7427257243063602474,85010.34927681663
7427255125485309215,59.361184591592455
7427304593211526431,917.1364017029247
7427249138246389022,56580.36116784021
7427240513650183467,76.41790017291069
7427305005612272926,144.1178371284841
7427280797314338091,564.831558896782
7427313660143471903,57.14351450245935
7427320815466630446,2371.68436971506
7427309474060258603,883.1116759780764
7427284374707637534,45.24939566588943
7427276776709098794,1997.4858598366018
7427274662163533102,1263.8129937703782
7427331543414115626,28592.235641113457
7427278921097596206,2884.62552919867
7427301817861688606,4053.7953561014115
7427308766904732959,6418.76131460996
7427260861208595754,25.056209784315488
7427247033351720238,64.82864936580485
7427309396188777770,96.68794930216929
7427336213415087390,1453.9456935861251
7427278849244728606,42.05659154273487
7427294163944721707,51.396122301551806
7427265483088334110,65.88608813393475
7427239519386193195,133.5173043486524
7427277291480239391,107.91118386662471
7427326243256798495,53.44992422928545
7427336346739674414,38.861103900679595
7427670441776516395,6511.884590830546
7427704270004243755,765.5562367803811
7427656492729371946,2933.8785809828314
7427621655494610222,3961.463658212116
7427677617534307626,1295.109414289614
7427668420923018539,103.4071806149769
7427648909754862891,1885.0804714822766
7427674700920196398,12709.596260393046
7427626452796837163,3067.3109546636524
7427717955279916318,542.0114463219161
7427697244360527110,11258.151402170859
7427635514955681067,39.70453788650802
7427629577557511470,2644.5490423751467
7427653238553562414,174.56553584767886
7427662274518682923,86825.79069360984
7427702933392805162,605.1915871897831
7427650044528102702,61888.84831438643
7427673339801390367,795451.5842651767
7428029094501027115,53693.81778179869
7427983606254996782,501.89277745977904
7428008341751778603,1459.497853982742
7428030705935994154,96283.7516982091
7428018540478860575,102306.07668042448
7427984750708641054,247.8699987516361
7427994394915065119,17524.517939212048
7427983673896471850,37.008929816965264
7428046001941875998,29.56393218248995
7428010528275959071,3199.8776632098356
7427989116983233835,393.35601926601083
7428024565424590110,42.88155749624431
7428029867456793887,46.247501911031605
7427981206282636586,85.7881673281716
7428031998515481887,5813.962806506602
7428021862732516650,1512.2602653120668
7428081974922824990,49.735739060707125
7428060179461115141,292.7931364070268
7428044485189274923,1946.382487370185
7428457010745658655,74.29296152346929
7428371782471748910,152.52052281127905
7428429779160059182,2332.536581084056
7428392245440662830,57.53675504438779
7428439199319133471,21041.519730614913
7428413327778319659,5806.118962514897
7428400373469121835,45.25131263737247
7428405223095389470,178.63653945241063
7428194108067286302,1252695.1938316794
7428382973721988395,186523.19876208305
7428400999632571654,15311.50773697782
7428405699882880299,1522.7879005168456
7428442114956004651,28.11163601678143
7428420588592565534,2912.7552169726227
7428398860076125482,57404.65486756373
7428367716370730271,63.705201516023436
7428414259564039430,19758.82766042577
7428392239870627103,54.46741868943686
7428405535503846686,3053.178698288473
7428354965422296350,66.33754382533478
7428449985798343982,8043.677034032804
7428452743657934111,2537.361646953905
7428402455668411690,70.17997822229331
7428387669748600106,2319.9164398276152
7428366024162004255,311.1647335559848
7428431341378669866,1499.1274105575028
7428453037666012447,4504.897163555537
7428403503611039022,132820.3835113798
7428354375799622955,3886.498289978623
7428365177038310686,106.369540163188
7428367426028342571,855.7497759425601
7428797611034840350,2228.921208735149
7428779902763142431,5286.272628955281
7428808902357060906,3602.729974499395
7428790097413213482,3293.497883986524
7428786851328068906,45.03390803465501
7428766746280070443,11116.122063534567
7428782328048143622,4181.685184077093
7428803584482970911,500.0635040141836
7428774062236699947,1605.8472002941298
7428741169024208159,79.33794245867149
7428748669303737630,58.73706099873045
7428790374765825285,241.2806709389851
7428767632909962542,1491.8903802878187
7428727887777303850,1111.1173864573161
7428772005580786987,11054.892980278755
7428760018683546922,1404.2953981407438
7428793083506052382,6456.161758864953
7428767985587948846,7646.959664480373
7428787675060194606,1755.54566359027
7428734440232275242,471.5053833895729
7428789083301760287,3791.5397408867675
7428744023260581162,56963.452438497676
7428754759886097707,79.2338593234433
7428728679666158891,64.47480888494707
7428801242513607979,5861.602614032784
7429159424272387358,10581.309818060769
7429160527449820462,10785.960555874059
7429181376232017195,3644.8695918067438
7429176531848645931,2196.2902328515497
7429141481102871838,3204.572365942275
7429194802463280427,1113.2364892991427
7429152585501658411,9087.502730200773
7429095385358175534,43912.26854384381
7429098654780247327,4556.15590369284
7429156075091299614,46.10069583420533
7429151801078828331,5085.600125502984
7429180400351710507,4124.7439440743265
7429194506567945518,3378.5247576993775
7429131696487910686,1846.5828308982714
7429139506273570079,86.28005096286432
7429141874134371614,12040.541074702018
7429133387513744670,4973.633478055943
7429183279326137631,10768.591402913053
7429137248978832686,93684.10890325363
7429115416200514862,7922.424550197961
7429117403713277215,5058.23073907337
7429130221267471662,254762.69684819318
7429188930160839978,5635.935644149123
7429101009680551198,4398.769165836796
7429156435293998367,79.0409519236728
7429095146538536234,43182.948419770415
7429120050323377451,157.09402408115278
7429142783031610667,48474.95738939872
7429172082665098527,10280.2604260022
7429114678594391326,53.63444204782271
7429470210681212191,406.8955724561034
7429508392458177835,1485.9891158922635
7429513742691470622,94.22460026872076
7429495389381791019,43.873233581514754
7429474647705537823,116.47600635860499
7429527771795213611,69396.58713529585
7429550850130955551,1034.5335502415417
7429540747432561963,3739.035486953396
7429494536948239662,961.2232527162062
7429536580676685099,596.2512732938876
7429468842172108075,52.48785730353319
7429541108167773482,1041.0396294363259
7429479586175700270,110.89036158997854
7429570583446211870,7037.336266091846
7429540497309306142,243780.1270663061
7429483207554239787,83.31039024986215
7429514662275861791,1921.619056978527
7429507538544086315,457.02502608187285
7429548979001576734,2024.1319140348317
7429525800497499422,43.31966001536336
7429521137488416030,10221.419930951923
7429479633801809182,92.30777030805751
7429468680485915946,20020.301179759936
7429465720859233566,651.0711552118546
7429484852426067242,14941.181253377828
7429510727162957099,43987.983947665445
7429556138179398942,4062.412780000062
7429474546979327278,19205.9738196178
7429517796658253087,1381.760509033246
7429495331806530846,1430.6181067246125
7429468832852462890,88.91095555580796
7429536359775259946,3934.1605456899833
7429487386511314219,381.0699693378673
7429488993735216430,42.59229449216003
7429459156748307758,3527.7448521301903
7429495899027655982,55312.745562084994
7429504690691312939,6499.245716513288
7429551149583322399,705.0469784024342
7429542051718499627,3771.3118468757675
7429536498334125342,2576.7763419851053
7429551240448707871,3392.366983149264
7429498298479725867,21893.418752129124
7429539173587111210,4727.852735358019
7432869346449362219,26348.459938725457
7432806064627961134,46.650293533540335
7432862608870657326,1408.2837033794867
7432836348903542047,12338.906279147637
7432808465459957034,4864.376139781697
7432907264069078303,3890.2690760637083
7432809888033656095,1574.8610093801797
7432907582852910379,804.2133805756359
7432844466836311339,4590.615304788841
7432805940665109790,35.5903308565146
7432845982120807722,16309.297724083246
7432904961949814062,202.90411657006615
7432846600185171242,4841.473256228815
7432841836290493727,1359.048622331481
7432838520198270239,90.56064470971695
7432895600074509611,3013.2403168941883
7432830055698468127,990.5469966055244
7432830428601404702,566.2437294523735
7432890646857305386,49169.10062318141
7432898291513265450,1472.6405172869559
7432816875987406111,137090.71968808147
7432846427950157099,49898.218377689474
7432835979687365918,36896.46057391246
7432884101369171242,8963.826596756486
7432881873254239531,14713.703483312715
7433233843039128874,8403.281605887267
7433252033542589739,2140.281879019116
7433245977491852587,4170.8754390359445
7433291010924629294,9097.840616339527
7433233099690986783,10321.571572128849
7433288733526330654,3117.6981083048813
7433275244103650591,2092.088045613301
7433273614125763870,53.58773783914059
7433258881050086699,834.2726421434323
7433290902900051231,31.007311599497342
7433291301946215710,73.63019318585724
7433201211123191083,5223005.032730707
7433298495043456302,2252.4796007958203
7433223089904962862,25975.34181802069
7433258385459514667,13303.888572621016
7433243865911397663,258508.67319381898
7433271089498934574,2670.9493636336592
7433297588129991979,4676.300054104098
7433242045277293866,283.54847330371376
7433635785645051179,2227.596768402658
7433631684786097454,31.22389962268237
7433631845595532574,1409.2675081941622
7433621400809721118,722.4448517749843
7433609608888978731,549.3574323274872
7433637669248175402,1131.2189205846173
7433614121737719082,119242.26174143987
7433636212595821867,8074.7658904739465
7433605080915447070,37.32745499830592
7433619569496837407,66.64294659738663
7433603152902950175,192.1303557334158
7433607368463617326,2525.0380765591076
7433639541220625695,13218.198915655394
7433618484812287278,37.62826597917132
7433596551739575582,1825.8665661109937
7433605551935868190,1894.5054293096966
7433973547501997342,37.314984791347264
7433974466306247943,39.310310457215316
7433988853066714411,56.267219793139134
7433993027749694751,16828.983204155677
7434000156929887518,2084.453210264732
7433954474235940126,300323.4458546623
7433946067495931178,69.06534270514226
7433936792929209642,1268.5272735094022
7433987334225268011,2332.524205564854
7433960547630206254,88.68322346145007
7433941383028804894,122490.26938815562
7433976974416153898,2846.2734297089683
7433964973220547883,3705.424316548038
7433982765441371423,254610.10003423694
7433963610726075691,1712.8925869727289
7433935270132731178,57.63030381511656
7433964421753474346,136761.6373840523
7434026754534034719,37.646714693834106
7434012629510704415,3107.1071713190922
7434006204269055275,2023.4761850512277
7433960739297119518,59.59040983252798
7434382150364826910,2128.19048023926
7434305824920538398,86553.77846960527
7434334299891027243,35.57030000061474
7434351818521546026,3206.1412067874744
7434336136325008670,4713.303862880774
7434318749081275694,6507.1895596144195
7434332219042204959,40.58959420857098
7434306667946216750,41.04361816610191
7434319962510003486,119.1823835408807
7434384517453925663,14850.375608604932
7434347745135037739,1175.5695922069433
7434393335806102827,1675.1262323399708
7434381736315784490,84555.33533667102
7434406819713355050,88.78181712711334
7434328854686223659,87.6911857720738
7434258973521382698,9244.443814036858
7434352135715753258,58778.90126281464
7434325592121642271,2981.4511032641954
7434681648970714411,103.67062202832804
7434730963977997599,1666.796014885672
7434689659889798431,6930.261450503042
7434736587876912415,6610.888719584165
7434688133653941534,8441.637267295639
7434718322786143531,14401.181322481756
7434698260997999915,48.36745374101533
7434731068416363822,5850.294586090685
7434780991522098475,987.9626550221795
7434745441176128810,320.8078083475348
7434755987778719006,31.57566980557295
7434737854028221739,8040.40154987281
7434681546159836459,735.0336004628297
7434684474476039454,554.6601012182651
7434712238608567598,2899.397401874246
7434715867931299115,98.74340845461411
7434768870398905642,6729.962697476364
7434698104529636638,3260.8368435193993
7434719154583702827,157.0402406238949
7434751498032041262,5104.006973522056
7434682860147150126,3175.041377372518
7434697327912242463,629.8542788684717
7434762311144951082,53.655003408960006
7434728082168237354,2937.189506620172
7434718716899659051,1613.117229102703
7434746174243949867,2537.637602460617
7434741237187415326,28609.344429086148
7434774989301239071,14970.748694312173
7434699757190204703,5138.049461606393
7434725332504038699,1447.3847727771372
7434737756632304938,2915.6876656003683
7434736299304553758,632.653918848395
7434709448045825326,5683.639551207149
7435131105532988718,15136.040859346458
7435124823820356906,5059.12682966392
7435080724702760238,177269.5074759324
7435074149669719327,3486.4643307628303
7435126104500784427,1565.3008522114326
7435085768453868843,62.20259827957969
7435102753518554410,2268.6311886078324
7435054873424448799,178.6401365497702
7435062566386208042,108069.15659075309
7435104195801304362,2616.3057123377594
7435140435565219102,884.8117794643465
7435116170954542378,114.82758666527577
7435118899743477022,1554.6548022254906
7435130474999319851,6255.996000862357
7435145254824709406,1738.690721202613
7435056809792048426,3786.272597753773
7435093289830763818,4871.639937045003
7435144045095046431,2286.5939639086596
7435145331588730155,5073.123458154309
7435057046040431915,15134.614917418356
7435472501876018478,4029.1651973271228
7435495550570777886,5332.615188828095
7435450968231169323,75.21243359537746
7435467370174663982,3050.716784333839
7435433515371580702,82.69102811716633
7435438213931470123,4162.28622595389
7435424238183484714,633.9805711967941
7435505012756811051,4222.134406610425
7435496840549764383,1419.142589372774
7435474047145659678,245.1575323956393
7435472789781499167,1308.4569322011118
7435503385794792750,1853.7018686234749
